#VRML V2.0 utf8
# 3D model generated by easyeda2kicad.py (https://github.com/uPesy/easyeda2kicad.py)

Shape{
    appearance Appearance {
        material  Material 	{
            diffuseColor 0.6666666666666666 0.6980392156862745 0.7686274509803922
            specularColor 0.3333333333333333 0.34901960784313724 0.3843137254901961
            ambientIntensity 0.6967
            transparency 0.0
            shininess 0.5
        }
    }
    geometry IndexedFaceSet {
        ccw TRUE
        solid FALSE
        coord DEF co Coordinate {
            point [
                2.1321 -2.9245 0.7126, 2.1298 -2.9247 0.7126, 2.1524 -2.9247 0.7126, -2.6974 3.2481 0.7126, -2.874 3.0715 0.7126, -2.874 -2.6815 0.7126, 1.8541 -2.7551 0.7126, 1.8721 -2.7703 0.7126, 1.9352 -2.6815 0.7126, 1.9352 -2.7765 0.7126, 1.7657 -2.6719 0.7126, 1.7801 -2.6815 0.7126, 1.7953 -2.6918 0.7126, 1.8173 -2.7172 0.7126, 1.8312 -2.7442 0.7126, 1.8343 -2.7453 0.7126, 1.6415 -2.6731 0.7126, 1.6721 -2.6613 0.7126, -0.7004 3.2481 0.7126, 1.9352 3.2481 0.7126, 1.705 -2.6572 0.7126, 1.7324 -2.6601 0.7126, 1.6279 -2.6815 0.7126, -0.7004 -2.6815 0.7126, 1.6253 -2.6831 0.7126, 1.5546 -2.7143 0.7126, 1.5808 -2.711 0.7126, 1.6097 -2.6965 0.7126, 1.5884 -2.7115 0.7126, 1.5961 -2.7124 0.7126, 1.5044 -2.7429 0.7126, 1.5089 -2.7387 0.7126, 1.53 -2.7238 0.7126, -0.7004 -2.7765 0.7126, -0.7004 -2.8039 0.7126, 1.4749 -2.8039 0.7126, 1.4778 -2.7874 0.7126, 1.4826 -2.7765 0.7126, 1.4884 -2.7634 0.7126, 1.5218 -2.9087 0.7126, 1.5011 -2.891 0.7126, -0.7004 -2.9247 0.7126, 1.486 -2.8694 0.7126, 1.5458 -2.9204 0.7126, 1.5551 -2.9247 0.7126, 1.5542 -2.9229 0.7126, 1.4764 -2.8447 0.7126, 1.4732 -2.8186 0.7126, 1.4734 -2.8123 0.7126, 1.5838 -2.9592 0.7126, 1.5708 -2.9494 0.7126, 1.5609 -2.9372 0.7126, 1.6448 -2.9617 0.7126, 1.6335 -2.9661 0.7126, 1.9352 -3.248 0.7126, 1.6173 -2.9681 0.7126, 1.6148 -2.968 0.7126, 1.5992 -2.9656 0.7126, 1.5898 -2.9617 0.7126, -0.7004 -2.9617 0.7126, -0.7004 -3.248 0.7126, 1.6795 -2.9247 0.7126, 1.6794 -2.9252 0.7126, 1.9352 -2.9617 0.7126, 1.6715 -2.9399 0.7126, 1.6615 -2.9511 0.7126, 1.6483 -2.9604 0.7126, 1.8939 -2.8095 0.7126, 1.8969 -2.8313 0.7126, 1.9352 -2.8039 0.7126, 1.7644 -2.8855 0.7126, 1.7689 -2.8837 0.7126, 1.7767 -2.8459 0.7126, 1.8724 -2.8943 0.7126, 1.8543 -2.9096 0.7126, 1.9352 -2.9247 0.7126, 1.6671 -2.8572 0.7126, 1.7561 -2.8107 0.7126, 1.6555 -2.8465 0.7126, 1.6414 -2.839 0.7126, 1.7603 -2.8884 0.7126, 1.8856 -2.8759 0.7126, 1.8939 -2.8549 0.7126, 1.7741 -2.8831 0.7126, 1.7747 -2.8831 0.7126, 1.7767 -2.8835 0.7126, 1.5207 -2.844 0.7126, 1.5285 -2.8572 0.7126, 1.5622 -2.8642 0.7126, 1.5404 -2.8695 0.7126, 1.5549 -2.8784 0.7126, 1.5867 -2.8422 0.7126, 1.5167 -2.8039 0.7126, 1.5731 -2.8516 0.7126, 1.515 -2.8173 0.7126, 1.5159 -2.8277 0.7126, 1.6014 -2.8365 0.7126, 1.6173 -2.8346 0.7126, 1.6253 -2.835 0.7126, 1.7535 -2.9036 0.7126, 1.7536 -2.901 0.7126, 1.6837 -2.895 0.7126, 1.755 -2.896 0.7126, 1.7575 -2.8914 0.7126, 1.769 -2.9236 0.7126, 1.7646 -2.9219 0.7126, 1.7603 -2.9188 0.7126, 1.7587 -2.9173 0.7126, 1.7558 -2.9131 0.7126, 1.7541 -2.9086 0.7126, 1.6833 -2.9088 0.7126, 1.6837 -2.9017 0.7126, 1.8431 -2.8662 0.7126, 1.8501 -2.8556 0.7126, 1.8544 -2.8437 0.7126, 1.8558 -2.8319 0.7126, 1.8555 -2.8265 0.7126, 1.8341 -2.9195 0.7126, 1.8119 -2.9242 0.7126, 1.7727 -2.9242 0.7126, 1.778 -2.8837 0.7126, 1.8079 -2.8837 0.7126, 1.8164 -2.8824 0.7126, 1.8285 -2.8778 0.7126, 1.8389 -2.8705 0.7126, 1.8039 -2.7801 0.7126, 1.7986 -2.7801 0.7126, 1.8472 -2.8039 0.7126, 1.8156 -2.7814 0.7126, 1.8524 -2.8137 0.7126, 1.517 -2.8012 0.7126, 1.5227 -2.7864 0.7126, 1.8463 -2.8022 0.7126, 1.8377 -2.7926 0.7126, 1.8272 -2.7857 0.7126, 1.7842 -2.74 0.7126, 1.7692 -2.7222 0.7126, 1.6167 -2.7608 0.7126, 1.7677 -2.7208 0.7126, 1.7491 -2.7079 0.7126, 1.6268 -2.7398 0.7126, 1.5296 -2.7765 0.7126, 1.6122 -2.7584 0.7126, 1.7978 -2.7765 0.7126, 1.7945 -2.7614 0.7126, 1.5973 -2.7529 0.7126, 1.5815 -2.7509 0.7126, 1.5743 -2.7513 0.7126, 1.6417 -2.722 0.7126, 1.7282 -2.6999 0.7126, 1.6595 -2.7091 0.7126, 1.7057 -2.6971 0.7126, 1.6811 -2.7003 0.7126, 1.5579 -2.7552 0.7126, 1.5432 -2.7631 0.7126, 1.532 -2.7731 0.7126, 1.8766 -2.7765 0.7126, 1.8857 -2.7892 0.7126, 1.8916 -2.8039 0.7126, 2.3255 -2.7502 0.7126, 2.2912 -2.7502 0.7126, 2.335 -2.7757 0.7126, 2.2912 -2.7765 0.7126, 2.3483 -2.7757 0.7126, 2.874 -2.7765 0.7126, 2.874 -2.6815 0.7126, 2.3128 -2.6823 0.7126, 2.2912 -2.6815 0.7126, 2.2866 -2.7502 0.7126, 2.2776 -2.7757 0.7126, 2.2617 -2.7765 0.7126, 2.2643 -2.7757 0.7126, 2.2617 -2.6815 0.7126, 2.2912 -2.705 0.7126, 2.2999 -2.6823 0.7126, 2.1524 -2.7336 0.7126, 2.1272 -2.7336 0.7126, 2.1524 -2.7651 0.7126, 2.1272 -2.7651 0.7126, 2.1742 -2.6815 0.7126, 2.1524 -2.6815 0.7126, 2.1633 -2.6823 0.7126, 2.1524 -2.6823 0.7126, 2.1606 -2.7336 0.7126, 2.1654 -2.7651 0.7126, 2.1606 -2.7229 0.7126, 2.1633 -2.693 0.7126, 2.1524 -2.7229 0.7126, 2.1524 -2.693 0.7126, 2.1272 -2.693 0.7126, 2.1272 -2.7229 0.7126, 2.1152 -2.7757 0.7126, 2.1097 -2.7765 0.7126, 2.1524 -2.7765 0.7126, 2.1742 -2.7765 0.7126, 2.1654 -2.7757 0.7126, 2.1524 -2.7757 0.7126, 2.1152 -2.6823 0.7126, 2.1097 -2.6815 0.7126, 2.0839 -2.6815 0.7126, 2.0873 -2.6818 0.7126, 2.0965 -2.6845 0.7126, 2.0965 -2.6972 0.7126, 2.0965 -2.7603 0.7126, 2.0965 -2.7718 0.7126, 2.095 -2.7726 0.7126, 2.085 -2.7759 0.7126, 2.0787 -2.7765 0.7126, 2.048 -2.7031 0.7126, 2.0436 -2.7096 0.7126, 2.0392 -2.7309 0.7126, 2.0869 -2.7645 0.7126, 2.0763 -2.7664 0.7126, 2.0406 -2.7179 0.7126, 2.0392 -2.7301 0.7126, 2.086 -2.693 0.7126, 2.0744 -2.6916 0.7126, 2.0703 -2.6918 0.7126, 2.0623 -2.6935 0.7126, 2.0406 -2.7424 0.7126, 2.0436 -2.75 0.7126, 2.0483 -2.7567 0.7126, 2.0568 -2.7631 0.7126, 2.0636 -2.7656 0.7126, 2.0723 -2.7665 0.7126, 2.0954 -2.6966 0.7126, 2.055 -2.697 0.7126, 2.049 -2.702 0.7126, 2.0506 -2.7589 0.7126, 2.0307 3.2481 0.7126, 2.0743 -2.6807 0.7126, 2.1097 3.2481 0.7126, 2.0752 -2.6807 0.7126, 2.0672 -2.6815 0.7126, 2.0307 -2.6815 0.7126, 2.0619 -2.6821 0.7126, 2.0519 -2.6857 0.7126, 2.0333 -2.7033 0.7126, 2.04 -2.6945 0.7126, 2.0428 -2.6919 0.7126, 2.0265 -2.7308 0.7126, 2.0267 -2.7259 0.7126, 2.0251 -2.6815 0.7126, 2.0288 -2.7137 0.7126, 2.0307 -2.7093 0.7126, 2.0307 -2.7522 0.7126, 2.0279 -2.7441 0.7126, 2.0251 -2.7765 0.7126, 2.0543 -2.7748 0.7126, 2.0456 -2.7705 0.7126, 2.0307 -2.7765 0.7126, 2.0385 -2.7645 0.7126, 2.0367 -2.7625 0.7126, 2.0314 -2.7543 0.7126, 2.0622 -2.7765 0.7126, 2.0307 -2.8039 0.7126, 2.0643 -2.777 0.7126, 2.0706 -2.7773 0.7126, 2.1097 -2.8039 0.7126, 2.2566 -2.7445 0.7126, 2.252 -2.7542 0.7126, 2.245 -2.7626 0.7126, 2.2258 -2.6815 0.7126, 2.2258 -2.6845 0.7126, 2.2356 -2.6882 0.7126, 2.2258 -2.7731 0.7126, 2.2258 -2.7765 0.7126, 2.2335 -2.7705 0.7126, 2.2427 -2.7646 0.7126, 2.245 -2.6947 0.7126, 2.2487 -2.6983 0.7126, 2.2544 -2.7066 0.7126, 2.2577 -2.7157 0.7126, 2.2591 -2.7278 0.7126, 2.2588 -2.7336 0.7126, 2.2097 -2.6823 0.7126, 2.2243 -2.684 0.7126, 2.2224 -2.7743 0.7126, 2.2087 -2.7757 0.7126, 2.183 -2.7757 0.7126, 2.183 -2.6823 0.7126, 2.0668 -2.9231 0.7126, 2.0624 -2.9247 0.7126, 2.0768 -2.9239 0.7126, 2.0396 -2.8921 0.7126, 2.0414 -2.8732 0.7126, 2.0373 -2.8954 0.7126, 2.0357 -2.8995 0.7126, 2.071 -2.9203 0.7126, 2.049 -2.9247 0.7126, 2.0445 -2.923 0.7126, 2.0307 -2.9247 0.7126, 2.0369 -2.9153 0.7126, 2.0355 -2.9114 0.7126, 2.0414 -2.8619 0.7126, 2.044 -2.8604 0.7126, 2.0763 -2.8578 0.7126, 2.1063 -2.8672 0.7126, 2.1084 -2.8641 0.7126, 2.0432 -2.889 0.7126, 2.0482 -2.8864 0.7126, 2.0489 -2.8684 0.7126, 2.057 -2.8843 0.7126, 2.0672 -2.8656 0.7126, 2.0633 -2.8652 0.7126, 2.0562 -2.8659 0.7126, 2.0406 -2.9202 0.7126, 2.0393 -2.9189 0.7126, 2.0768 -2.9136 0.7126, 2.0765 -2.9136 0.7126, 2.0746 -2.9164 0.7126, 2.0802 -2.86 0.7126, 2.0833 -2.863 0.7126, 2.1049 -2.871 0.7126, 2.0857 -2.8668 0.7126, 2.0876 -2.8721 0.7126, 2.0528 -2.857 0.7126, 2.0644 -2.8557 0.7126, 2.0714 -2.8563 0.7126, 2.0349 -2.906 0.7126, 2.0349 -2.9046 0.7126, 2.1096 -2.8878 0.7126, 2.1043 -2.9095 0.7126, 2.1097 -2.8878 0.7126, 2.1089 -2.9123 0.7126, 2.1097 -2.9126 0.7126, 2.1077 -2.8858 0.7126, 2.1062 -2.8833 0.7126, 2.0885 -2.881 0.7126, 2.1049 -2.8797 0.7126, 2.1044 -2.8752 0.7126, 2.0768 -2.8815 0.7126, 2.0764 -2.8763 0.7126, 2.0752 -2.8722 0.7126, 2.0738 -2.8698 0.7126, 2.072 -2.8679 0.7126, 2.0699 -2.8665 0.7126, 2.0621 -2.9248 0.7126, 2.1097 -2.9617 0.7126, 2.0307 -2.9617 0.7126, 2.056 -2.9255 0.7126, 2.0492 -2.9247 0.7126, 2.1043 -2.9216 0.7126, 2.0885 -2.9239 0.7126, 2.1097 -2.9235 0.7126, 2.1097 -2.9247 0.7126, 2.1127 -2.9245 0.7126, 2.1147 -2.9247 0.7126, 2.1224 -2.9255 0.7126, 2.1524 -2.9617 0.7126, 2.1462 -2.8586 0.7126, 2.1462 -2.87 0.7126, 2.1119 -2.861 0.7126, 2.1153 -2.8589 0.7126, 2.1488 -2.9105 0.7126, 2.1474 -2.9142 0.7126, 2.1452 -2.9173 0.7126, 2.1097 -2.8629 0.7126, 2.1218 -2.8566 0.7126, 2.1304 -2.8557 0.7126, 2.1524 -2.8039 0.7126, 2.1368 -2.8561 0.7126, 2.1455 -2.8947 0.7126, 2.1477 -2.898 0.7126, 2.1489 -2.9014 0.7126, 2.1494 -2.9058 0.7126, 2.1419 -2.9202 0.7126, 2.1385 -2.9222 0.7126, 2.1292 -2.8652 0.7126, 2.1258 -2.8654 0.7126, 2.1165 -2.8741 0.7126, 2.1227 -2.8663 0.7126, 2.12 -2.8677 0.7126, 2.1166 -2.8757 0.7126, 2.117 -2.8775 0.7126, 2.1179 -2.8791 0.7126, 2.119 -2.8804 0.7126, 2.1232 -2.8829 0.7126, 2.1369 -2.866 0.7126, 2.1304 -2.8861 0.7126, 2.1435 -2.8685 0.7126, 2.1349 -2.8879 0.7126, 2.1427 -2.8922 0.7126, 2.1183 -2.8692 0.7126, 2.1173 -2.8707 0.7126, 2.1167 -2.8723 0.7126, 2.1162 -2.9151 0.7126, 2.1221 -2.8946 0.7126, 2.1152 -2.8914 0.7126, 2.1236 -2.9159 0.7126, 2.1241 -2.9159 0.7126, 2.1298 -2.8978 0.7126, 2.1301 -2.9153 0.7126, 2.1374 -2.9069 0.7126, 2.1373 -2.9055 0.7126, 2.1331 -2.9142 0.7126, 2.1342 -2.9135 0.7126, 2.1355 -2.9123 0.7126, 2.1366 -2.9108 0.7126, 2.1371 -2.9091 0.7126, 2.1367 -2.9036 0.7126, 2.1358 -2.9021 0.7126, 2.1344 -2.9006 0.7126, 2.2074 -2.8572 0.7126, 2.2195 -2.8572 0.7126, 2.2258 -2.8039 0.7126, 2.186 -2.9073 0.7126, 2.1874 -2.9128 0.7126, 2.1877 -2.9128 0.7126, 2.1742 -2.8039 0.7126, 2.1742 -2.8734 0.7126, 2.1892 -2.9074 0.7126, 2.1883 -2.9105 0.7126, 2.1742 -2.9048 0.7126, 2.1555 -2.8572 0.7126, 2.1686 -2.8572 0.7126, 2.1813 -2.9247 0.7126, 2.1817 -2.9238 0.7126, 2.1742 -2.9401 0.7126, 2.1742 -2.9401 0.7126, 2.1742 -2.9247 0.7126, 2.1765 -2.9359 0.7126, 2.1579 -2.944 0.7126, 2.1579 -2.9544 0.7126, 2.1603 -2.9448 0.7126, 2.1645 -2.9453 0.7126, 2.1673 -2.945 0.7126, 2.1742 -2.9532 0.7126, 2.1702 -2.9548 0.7126, 2.1742 -2.9617 0.7126, 2.1654 -2.9553 0.7126, 2.1629 -2.9552 0.7126, 2.1699 -2.944 0.7126, 2.1721 -2.9425 0.7126, 2.1893 -2.934 0.7126, 2.184 -2.9443 0.7126, 2.2258 -2.9617 0.7126, 2.1929 -2.9247 0.7126, 2.1797 -2.9494 0.7126, 2.1789 -2.9502 0.7126, 2.1748 -2.953 0.7126, 2.2617 -2.8818 0.7126, 2.2442 -2.8818 0.7126, 2.2617 -2.9133 0.7126, 2.2442 -2.9133 0.7126, 2.2803 -2.8305 0.7126, 2.2803 -2.8412 0.7126, 2.2912 -2.8039 0.7126, 2.2824 -2.9133 0.7126, 2.2912 -2.9247 0.7126, 2.2824 -2.9239 0.7126, 2.2617 -2.9247 0.7126, 2.2776 -2.8818 0.7126, 2.2776 -2.8711 0.7126, 2.2617 -2.8711 0.7126, 2.2617 -2.8412 0.7126, 2.2442 -2.8412 0.7126, 2.2442 -2.8711 0.7126, 2.2617 -2.9239 0.7126, 2.2321 -2.9239 0.7126, 2.2258 -2.9247 0.7126, 2.2321 -2.8305 0.7126, 2.2617 -2.8305 0.7126, 2.2617 -2.8039 0.7126, 2.1524 3.2481 0.7126, 2.1742 3.2481 0.7126, 2.2258 3.2481 0.7126, 2.2617 3.2481 0.7126, 2.2912 3.2481 0.7126, 2.874 3.2481 0.7126, 2.0251 3.2481 0.7126, 2.0227 -2.7651 0.7126, 2.0227 -2.7757 0.7126, 1.9734 -2.7757 0.7126, 1.9734 -2.6823 0.7126, 1.9855 -2.6823 0.7126, 1.9855 -2.7651 0.7126, 2.0251 -2.8039 0.7126, 2.3946 -2.9239 0.7126, 2.3813 -2.9239 0.7126, 2.452 -2.9239 0.7126, 2.4425 -2.8984 0.7126, 2.4036 -2.8984 0.7126, 2.4653 -2.9239 0.7126, 2.874 -2.9247 0.7126, 2.4297 -2.8305 0.7126, 2.874 -2.8039 0.7126, 2.3747 -2.8639 0.7126, 2.3761 -2.876 0.7126, 2.4168 -2.8305 0.7126, 2.3758 -2.8818 0.7126, 2.3736 -2.8927 0.7126, 2.369 -2.9024 0.7126, 2.362 -2.9108 0.7126, 2.3597 -2.9128 0.7126, 2.3504 -2.9187 0.7126, 2.3 -2.8305 0.7126, 2.3 -2.9239 0.7126, 2.3257 -2.9239 0.7126, 2.3393 -2.9225 0.7126, 2.362 -2.8429 0.7126, 2.3657 -2.8465 0.7126, 2.3714 -2.8548 0.7126, 2.3267 -2.8305 0.7126, 2.3413 -2.8322 0.7126, 2.3525 -2.8364 0.7126, 2.0251 -2.9247 0.7126, 1.9734 -2.9239 0.7126, 2.0237 -2.9239 0.7126, 2.0237 -2.9133 0.7126, 2.0216 -2.8412 0.7126, 1.9734 -2.8305 0.7126, 2.0216 -2.8305 0.7126, 1.9855 -2.8818 0.7126, 1.9855 -2.9133 0.7126, 2.0189 -2.8818 0.7126, 2.0189 -2.8711 0.7126, 1.9855 -2.8711 0.7126, 1.9855 -2.8412 0.7126, 2.2617 -2.9617 0.7126, 2.2912 -2.9617 0.7126, 2.874 -2.9617 0.7126, 2.0251 -2.9617 0.7126, 2.0251 -3.248 0.7126, 2.0307 -3.248 0.7126, 2.1097 -3.248 0.7126, 2.1524 -3.248 0.7126, 2.1742 -3.248 0.7126, 2.2258 -3.248 0.7126, 2.2617 -3.248 0.7126, 2.2912 -3.248 0.7126, 2.874 -3.248 0.7126, -2.874 -2.7765 0.7126, -2.874 -2.8039 0.7126, -2.874 -2.9247 0.7126, -2.874 -2.9617 0.7126, -2.874 -3.248 0.7126
            ]
        }
        coordIndex [
            0,1,2,-1,3,4,5,-1,6,7,8,-1,8,7,9,-1,10,11,8,-1,8,11,12,-1,8,12,13,-1,13,14,8,-1,8,14,15,-1,8,15,6,-1,16,17,18,-1,18,17,19,-1,19,17,20,-1,19,20,21,-1,16,18,22,-1,22,18,23,-1,22,23,24,-1,23,25,24,-1,24,25,26,-1,24,26,27,-1,27,26,28,-1,27,28,29,-1,30,31,23,-1,23,31,32,-1,23,32,25,-1,33,34,35,-1,35,36,33,-1,33,36,37,-1,33,37,23,-1,23,37,38,-1,23,38,30,-1,39,40,41,-1,41,40,42,-1,39,41,43,-1,43,41,44,-1,43,44,45,-1,42,46,41,-1,41,46,47,-1,41,47,34,-1,34,47,48,-1,34,48,35,-1,49,50,41,-1,41,50,51,-1,41,51,44,-1,52,53,54,-1,53,55,54,-1,54,55,56,-1,54,56,57,-1,49,41,58,-1,58,41,59,-1,58,59,57,-1,57,59,60,-1,57,60,54,-1,61,62,63,-1,63,62,64,-1,64,65,63,-1,63,65,66,-1,63,66,52,-1,67,68,69,-1,70,71,72,-1,73,74,75,-1,76,77,78,-1,78,77,79,-1,70,72,80,-1,73,75,81,-1,69,68,75,-1,75,68,82,-1,75,82,81,-1,71,83,72,-1,72,83,84,-1,72,84,85,-1,86,87,88,-1,88,87,89,-1,88,89,90,-1,91,92,93,-1,93,92,94,-1,93,94,88,-1,88,94,95,-1,88,95,86,-1,91,96,92,-1,92,96,97,-1,92,97,77,-1,77,97,98,-1,77,98,79,-1,99,100,101,-1,101,100,102,-1,101,102,72,-1,72,102,103,-1,72,103,80,-1,104,105,61,-1,61,105,106,-1,61,106,107,-1,107,108,61,-1,61,108,109,-1,61,109,110,-1,110,109,99,-1,110,99,111,-1,111,99,101,-1,112,113,72,-1,72,113,114,-1,72,114,77,-1,77,114,115,-1,77,115,116,-1,74,117,75,-1,75,117,118,-1,75,118,61,-1,61,118,119,-1,61,119,104,-1,85,120,72,-1,72,120,121,-1,72,121,122,-1,122,123,72,-1,72,123,124,-1,72,124,112,-1,125,126,127,-1,125,127,128,-1,116,129,77,-1,77,129,127,-1,77,127,92,-1,92,127,126,-1,92,126,130,-1,130,126,131,-1,132,133,127,-1,127,133,134,-1,127,134,128,-1,135,136,137,-1,136,138,137,-1,137,138,139,-1,137,139,140,-1,141,137,142,-1,131,126,141,-1,141,126,143,-1,141,143,137,-1,137,143,144,-1,137,144,135,-1,142,145,141,-1,141,145,146,-1,141,146,147,-1,140,139,148,-1,148,139,149,-1,148,149,150,-1,150,149,151,-1,150,151,152,-1,153,154,147,-1,147,154,155,-1,147,155,141,-1,7,156,9,-1,9,156,157,-1,9,157,69,-1,69,157,158,-1,69,158,67,-1,159,160,161,-1,161,160,162,-1,161,162,163,-1,164,165,166,-1,166,165,167,-1,160,168,162,-1,162,168,169,-1,162,169,170,-1,170,169,171,-1,170,171,172,-1,172,171,173,-1,172,173,167,-1,167,173,174,-1,167,174,166,-1,175,176,177,-1,177,176,178,-1,179,180,181,-1,181,180,182,-1,175,177,183,-1,183,177,184,-1,183,184,185,-1,185,184,186,-1,185,186,187,-1,186,188,187,-1,187,188,189,-1,187,189,190,-1,191,192,193,-1,181,186,179,-1,179,186,184,-1,179,184,194,-1,194,184,195,-1,194,195,193,-1,193,195,196,-1,193,196,191,-1,182,180,197,-1,197,180,198,-1,197,198,191,-1,199,200,198,-1,198,200,201,-1,198,201,202,-1,203,204,192,-1,204,205,192,-1,192,205,206,-1,192,206,207,-1,203,208,209,-1,203,210,211,-1,211,210,212,-1,209,213,203,-1,203,213,214,-1,203,214,210,-1,215,216,203,-1,203,216,217,-1,203,217,218,-1,219,220,221,-1,222,223,210,-1,210,223,224,-1,210,224,212,-1,191,198,192,-1,192,198,202,-1,192,202,203,-1,203,202,225,-1,203,225,215,-1,218,226,203,-1,203,226,227,-1,203,227,208,-1,219,221,210,-1,210,221,228,-1,210,228,222,-1,229,230,231,-1,231,230,232,-1,231,232,199,-1,233,234,235,-1,235,234,236,-1,237,238,234,-1,234,238,239,-1,234,239,236,-1,240,241,242,-1,242,241,243,-1,242,243,234,-1,234,243,244,-1,234,244,237,-1,245,246,247,-1,247,246,240,-1,248,249,250,-1,249,251,250,-1,250,251,252,-1,250,252,253,-1,248,250,254,-1,254,250,255,-1,254,255,256,-1,256,255,257,-1,257,255,258,-1,257,258,207,-1,259,260,170,-1,170,260,261,-1,262,263,172,-1,172,263,264,-1,265,266,267,-1,267,266,170,-1,267,170,268,-1,268,170,261,-1,264,269,172,-1,172,269,270,-1,172,270,271,-1,271,272,172,-1,172,272,273,-1,172,273,170,-1,170,273,274,-1,170,274,259,-1,179,275,262,-1,262,275,276,-1,262,276,263,-1,265,277,266,-1,266,277,278,-1,266,278,194,-1,194,278,279,-1,194,279,179,-1,179,279,280,-1,179,280,275,-1,281,282,283,-1,284,285,286,-1,286,285,287,-1,281,283,288,-1,289,290,291,-1,291,292,293,-1,255,294,295,-1,296,297,298,-1,284,299,285,-1,285,299,300,-1,285,300,301,-1,301,300,302,-1,303,304,302,-1,302,304,305,-1,302,305,301,-1,290,306,291,-1,291,306,307,-1,291,307,292,-1,308,309,283,-1,283,309,310,-1,283,310,288,-1,296,311,297,-1,297,311,312,-1,297,312,313,-1,313,312,314,-1,313,314,315,-1,295,316,255,-1,255,316,317,-1,255,317,318,-1,293,319,291,-1,291,319,320,-1,291,320,255,-1,255,320,287,-1,255,287,294,-1,294,287,285,-1,321,322,323,-1,323,322,324,-1,323,324,325,-1,326,327,328,-1,328,327,329,-1,328,329,315,-1,315,329,330,-1,315,330,313,-1,331,332,302,-1,302,332,333,-1,302,333,334,-1,334,335,302,-1,302,335,336,-1,302,336,303,-1,282,337,338,-1,338,337,339,-1,339,337,340,-1,339,340,341,-1,321,326,322,-1,322,326,328,-1,322,328,342,-1,342,328,343,-1,342,343,344,-1,344,343,345,-1,344,345,346,-1,346,345,347,-1,348,347,338,-1,338,347,345,-1,338,345,282,-1,282,345,343,-1,282,343,283,-1,348,338,1,-1,1,338,349,-1,1,349,2,-1,350,351,2,-1,352,353,258,-1,354,355,2,-1,2,355,356,-1,318,296,255,-1,255,296,298,-1,255,298,258,-1,258,298,357,-1,258,357,352,-1,353,358,258,-1,258,358,359,-1,258,359,360,-1,360,359,361,-1,360,361,350,-1,362,363,351,-1,351,363,364,-1,351,364,2,-1,2,364,365,-1,2,365,354,-1,356,366,2,-1,2,366,367,-1,2,367,0,-1,368,369,370,-1,370,369,371,-1,370,371,372,-1,370,373,368,-1,368,373,374,-1,368,374,375,-1,375,376,368,-1,368,376,377,-1,368,377,378,-1,378,377,379,-1,378,379,380,-1,380,379,381,-1,380,381,351,-1,351,381,382,-1,351,382,362,-1,383,384,372,-1,372,384,385,-1,372,385,370,-1,386,387,325,-1,325,387,388,-1,325,388,323,-1,386,389,387,-1,387,389,390,-1,387,390,391,-1,391,390,392,-1,391,393,394,-1,392,395,391,-1,391,395,396,-1,391,396,397,-1,397,398,391,-1,391,398,399,-1,391,399,393,-1,394,400,391,-1,391,400,401,-1,391,401,402,-1,403,404,405,-1,406,407,408,-1,405,409,403,-1,403,409,410,-1,403,410,411,-1,411,410,406,-1,411,406,412,-1,412,406,408,-1,413,414,2,-1,350,2,360,-1,360,2,414,-1,360,414,409,-1,409,414,415,-1,409,415,410,-1,416,417,413,-1,418,419,420,-1,420,419,421,-1,420,421,416,-1,416,413,420,-1,420,413,2,-1,420,2,422,-1,422,2,349,-1,422,349,423,-1,422,424,420,-1,420,424,425,-1,420,425,426,-1,427,428,429,-1,429,428,430,-1,429,430,349,-1,349,430,431,-1,349,431,423,-1,426,432,420,-1,420,432,433,-1,420,433,418,-1,434,435,436,-1,434,436,437,-1,435,438,436,-1,436,438,439,-1,436,439,429,-1,429,439,440,-1,429,440,427,-1,441,442,443,-1,443,442,444,-1,445,446,447,-1,447,446,448,-1,447,448,449,-1,449,448,450,-1,449,450,451,-1,441,443,452,-1,452,443,448,-1,452,448,453,-1,453,448,446,-1,453,446,454,-1,446,455,454,-1,454,455,456,-1,454,456,457,-1,450,458,451,-1,451,458,459,-1,451,459,460,-1,460,459,461,-1,445,447,462,-1,462,447,463,-1,462,463,461,-1,461,463,405,-1,461,405,460,-1,460,405,404,-1,460,404,437,-1,199,198,231,-1,231,198,180,-1,231,180,464,-1,464,180,179,-1,464,179,465,-1,465,179,262,-1,465,262,466,-1,466,262,172,-1,466,172,467,-1,467,172,167,-1,467,167,468,-1,468,167,165,-1,468,165,469,-1,19,242,470,-1,470,242,234,-1,470,234,229,-1,229,234,233,-1,229,233,230,-1,240,242,247,-1,247,242,471,-1,247,471,472,-1,9,473,8,-1,8,473,474,-1,8,474,475,-1,476,471,475,-1,475,471,242,-1,475,242,8,-1,8,242,19,-1,8,19,10,-1,10,19,21,-1,207,258,192,-1,192,258,360,-1,192,360,193,-1,193,360,409,-1,193,409,194,-1,194,409,405,-1,194,405,266,-1,266,405,463,-1,266,463,170,-1,170,463,447,-1,170,447,162,-1,472,473,247,-1,247,473,9,-1,247,9,477,-1,477,9,69,-1,478,479,449,-1,480,481,482,-1,482,478,480,-1,480,478,449,-1,480,449,483,-1,483,449,484,-1,483,484,485,-1,485,484,486,-1,487,488,489,-1,489,488,490,-1,489,490,479,-1,479,490,491,-1,479,491,492,-1,492,493,479,-1,479,493,494,-1,479,494,495,-1,166,163,164,-1,164,163,162,-1,164,162,486,-1,486,162,447,-1,486,447,485,-1,485,447,489,-1,496,447,497,-1,497,447,449,-1,497,449,498,-1,498,449,479,-1,498,479,499,-1,499,479,495,-1,500,501,489,-1,489,501,502,-1,489,502,487,-1,496,503,447,-1,447,503,504,-1,447,504,489,-1,489,504,505,-1,489,505,500,-1,253,245,250,-1,250,245,247,-1,250,247,255,-1,255,247,477,-1,255,477,291,-1,291,477,506,-1,75,506,507,-1,507,506,508,-1,508,506,509,-1,509,506,477,-1,509,477,510,-1,75,507,69,-1,69,507,511,-1,69,511,477,-1,477,511,512,-1,477,512,510,-1,513,514,515,-1,515,514,509,-1,515,509,516,-1,516,509,510,-1,516,510,517,-1,517,510,518,-1,437,436,460,-1,460,436,519,-1,460,519,451,-1,451,519,520,-1,451,520,449,-1,449,520,521,-1,449,521,484,-1,61,63,75,-1,75,63,522,-1,75,522,506,-1,506,522,339,-1,506,339,291,-1,291,339,341,-1,291,341,289,-1,52,54,63,-1,63,54,523,-1,63,523,522,-1,522,523,524,-1,522,524,339,-1,339,524,525,-1,339,525,338,-1,338,525,526,-1,338,526,349,-1,349,526,527,-1,349,527,429,-1,429,527,528,-1,429,528,436,-1,436,528,529,-1,436,529,519,-1,519,529,530,-1,519,530,520,-1,520,530,531,-1,520,531,521,-1,18,3,23,-1,23,3,5,-1,23,5,33,-1,33,5,532,-1,33,532,34,-1,34,532,533,-1,34,533,41,-1,41,533,534,-1,41,534,59,-1,59,534,535,-1,59,535,60,-1,60,535,536,-1,
        ]
    }
}
Shape{
    appearance Appearance {
        material  Material 	{
            diffuseColor 0.9686274509803922 0.8784313725490196 0.6
            specularColor 0.6784313725490196 0.615686274509804 0.4196078431372549
            ambientIntensity 0.8737
            transparency 0.0
            shininess 0.5
        }
    }
    geometry IndexedFaceSet {
        ccw TRUE
        solid FALSE
        coord DEF co Coordinate {
            point [
                -0.3346 -1.437 0.0, -0.3346 -1.8307 0.0, -0.6102 -1.437 0.0, -0.6102 -1.8307 0.0, -0.6102 -1.8307 0.0039, -0.3346 -1.8307 0.0039, -0.3346 -1.6535 0.0039, -0.3346 -1.437 0.0039, -0.6102 -1.437 0.0039, -0.6102 -1.6535 0.0039
            ]
        }
        coordIndex [
            0,1,2,-1,2,1,3,-1,3,1,4,-1,4,1,5,-1,5,1,6,-1,6,1,0,-1,6,0,7,-1,0,2,7,-1,7,2,8,-1,8,2,9,-1,9,2,3,-1,9,3,4,-1,
        ]
    }
}
Shape{
    appearance Appearance {
        material  Material 	{
            diffuseColor 0.2980392156862745 0.5294117647058824 0.0
            specularColor 0.14901960784313725 0.26666666666666666 0.0
            ambientIntensity 0.3999
            transparency 0.0
            shininess 0.5
        }
    }
    geometry IndexedFaceSet {
        ccw TRUE
        solid FALSE
        coord DEF co Coordinate {
            point [
                1.1516 -2.185 0.0039, 1.0531 -2.185 0.0039, 1.0531 -1.9291 0.0039, -2.5984 -0.3149 0.0039, -2.6378 -0.3149 0.0039, -2.6378 -0.2952 0.0039, -2.5984 0.1182 0.0039, -2.6378 0.1182 0.0039, -2.6378 0.2953 0.0039, -1.7717 0.8071 0.0039, -1.7717 1.004 0.0039, -1.6831 1.004 0.0039, -2.6378 0.9843 0.0039, -3.1102 0.9843 0.0039, -3.1102 1.004 0.0039, -2.6378 1.8504 0.0039, -3.1102 1.8504 0.0039, -3.1102 2.0473 0.0039, -2.5984 2.7166 0.0039, -2.6378 2.7166 0.0039, -2.6378 3.4843 0.0039, -0.315 2.9725 0.0039, -0.315 3.4843 0.0039, -0.2559 3.4843 0.0039, 1.6142 2.9725 0.0039, 1.6437 2.9725 0.0039, 1.5157 2.5394 0.0039, 2.5984 -0.1181 0.0039, 3.1102 -0.1181 0.0039, 3.1102 -0.2952 0.0039, -2.6378 -3.4842 0.0039, -3.1102 -3.4842 0.0039, -3.1102 -2.7165 0.0039, 2.5984 0.315 0.0039, 3.1102 0.315 0.0039, 3.1102 0.2953 0.0039, 1.7717 1.0827 0.0039, 1.7717 1.004 0.0039, 1.6437 1.004 0.0039, 1.4567 0.0985 0.0039, 1.4567 0.2953 0.0039, 1.6437 0.2953 0.0039, 1.063 -1.0433 0.0039, 1.063 -1.1811 0.0039, 1.0531 -1.1811 0.0039, -0.3346 -1.8307 0.0039, -0.2559 -1.9291 0.0039, -0.6102 -1.8307 0.0039, -0.748 -1.9291 0.0039, -0.6102 -1.6535 0.0039, -0.748 -1.6535 0.0039, -0.6102 -1.437 0.0039, -0.748 -1.3779 0.0039, -0.3346 -1.437 0.0039, -0.2559 -1.3779 0.0039, -0.3346 -1.6535 0.0039, -0.2559 -1.6535 0.0039, -0.1378 -1.8307 0.0039, -0.1378 -1.6535 0.0039, -0.1378 -1.437 0.0039, 0.0 -1.437 0.0039, 0.0 -1.3779 0.0039, 0.1378 -1.437 0.0039, 0.2165 -1.3779 0.0039, 0.1378 -1.6535 0.0039, 0.2165 -1.6535 0.0039, 0.1378 -1.8307 0.0039, 0.2165 -1.9291 0.0039, 0.0 -1.8307 0.0039, 0.0 -1.9291 0.0039, 0.0 -0.2952 0.0039, 0.0984 -0.4527 0.0039, 0.0 -1.1811 0.0039, 0.0984 -0.9645 0.0039, 0.2165 -1.1811 0.0039, 0.2165 -0.9645 0.0039, 0.2165 -0.4527 0.0039, 0.2165 -0.2952 0.0039, 0.6102 -0.4527 0.0039, 1.0531 -0.2952 0.0039, 0.6102 -0.9645 0.0039, 0.0984 -0.2559 0.0039, 0.0984 0.256 0.0039, 0.0 0.2953 0.0039, 0.2165 0.256 0.0039, 0.2165 0.2953 0.0039, 0.6102 0.256 0.0039, 1.0531 0.2953 0.0039, 0.6102 -0.2559 0.0039, 1.1516 -1.5157 0.0039, 1.063 -1.5157 0.0039, 1.0531 -1.3779 0.0039, 1.0531 -1.6535 0.0039, 1.4567 -1.5157 0.0039, 1.6437 -1.3779 0.0039, 1.4567 -1.6535 0.0039, 1.6437 -1.6535 0.0039, 1.4567 -1.7913 0.0039, 1.6437 -1.9291 0.0039, 1.1516 -1.7913 0.0039, 1.1516 -1.9291 0.0039, 1.063 -1.7913 0.0039, 1.063 -0.0984 0.0039, 1.063 -0.2952 0.0039, 1.063 -0.374 0.0039, 1.6437 -1.1811 0.0039, 1.4567 -1.1811 0.0039, 1.4567 -1.0433 0.0039, 1.4567 -0.8464 0.0039, 1.4567 -0.5708 0.0039, 1.6437 -0.2952 0.0039, 1.1516 -1.3779 0.0039, 1.1516 -1.3188 0.0039, 1.4567 -1.3188 0.0039, 1.063 -1.3188 0.0039, 1.063 0.3741 0.0039, 1.063 0.2953 0.0039, 1.063 0.0985 0.0039, 1.063 -0.8464 0.0039, 1.063 -0.5708 0.0039, 1.1516 -0.5708 0.0039, 1.1516 -0.374 0.0039, 1.4567 -0.374 0.0039, 1.4567 -0.2952 0.0039, 1.4567 -0.0984 0.0039, 0.2165 -0.2559 0.0039, 1.1516 -0.0984 0.0039, 1.1516 0.0985 0.0039, 1.1516 0.8465 0.0039, 1.063 0.8465 0.0039, 1.0531 1.004 0.0039, 1.063 0.5709 0.0039, 1.1516 0.3741 0.0039, 1.1516 0.5709 0.0039, 1.4567 0.3741 0.0039, 1.4567 0.5709 0.0039, 1.4567 0.8465 0.0039, 1.1516 1.004 0.0039, 1.0531 1.1812 0.0039, 1.0531 1.4174 0.0039, 1.063 1.3189 0.0039, 1.1516 1.3189 0.0039, 1.1516 1.4174 0.0039, 1.4567 1.3189 0.0039, 1.6437 1.4174 0.0039, 1.4567 1.1812 0.0039, 1.6437 1.1812 0.0039, 1.4567 1.0434 0.0039, 1.063 1.1812 0.0039, 1.063 1.0434 0.0039, 3.1102 -1.9291 0.0039, 3.1102 -2.0472 0.0039, 2.5984 -2.0472 0.0039, 3.1102 -1.8503 0.0039, 2.5984 -1.8503 0.0039, 2.1654 -1.9291 0.0039, 2.5984 -1.6535 0.0039, 2.1654 -1.7519 0.0039, 1.7717 -1.7519 0.0039, 1.7717 -1.9291 0.0039, 1.6437 -2.185 0.0039, 1.7717 -2.0275 0.0039, 2.5984 -2.185 0.0039, 2.1654 -2.0275 0.0039, 2.5984 -1.6141 0.0039, 1.7717 -1.5551 0.0039, 2.1654 -1.5551 0.0039, 1.7717 -1.3779 0.0039, 1.7717 -1.2795 0.0039, 2.1654 -1.2795 0.0039, 2.5984 -1.1811 0.0039, 2.1654 -1.3779 0.0039, 2.5984 -1.3779 0.0039, 2.5984 -1.4173 0.0039, 3.1102 -1.4173 0.0039, 3.1102 -1.6141 0.0039, 2.5984 1.1812 0.0039, 3.1102 1.1812 0.0039, 3.1102 1.004 0.0039, 1.1516 1.0434 0.0039, 3.1102 0.9843 0.0039, 2.5984 0.9843 0.0039, 2.5984 0.7481 0.0039, 2.1654 0.3347 0.0039, 2.1654 0.6103 0.0039, 1.7717 0.6103 0.0039, 1.7717 0.8071 0.0039, 2.1654 0.8071 0.0039, 2.1654 1.004 0.0039, 2.1654 1.0827 0.0039, 2.5984 0.5512 0.0039, 3.1102 0.5512 0.0039, 3.1102 0.7481 0.0039, 1.7717 0.3347 0.0039, 2.1654 1.5552 0.0039, 1.7717 1.5552 0.0039, 1.6437 1.6536 0.0039, 3.1102 1.4174 0.0039, 2.5984 1.4174 0.0039, 3.1102 1.6142 0.0039, 2.5984 1.6142 0.0039, 1.7717 1.4174 0.0039, 1.7717 1.2796 0.0039, 2.1654 1.2796 0.0039, 2.5984 1.6536 0.0039, 2.1654 1.4174 0.0039, -2.0472 -2.9724 0.0039, -2.2835 -2.9724 0.0039, -2.5984 -2.7165 0.0039, -1.8504 -3.4842 0.0039, -2.0472 -3.4842 0.0039, -1.8504 -2.9724 0.0039, -1.6831 -2.185 0.0039, -1.7717 -2.2244 0.0039, -2.1654 -2.2244 0.0039, -1.6831 -2.9724 0.0039, -1.7717 -2.4999 0.0039, -2.1654 -2.4999 0.0039, -2.5984 -2.4803 0.0039, -2.2835 -3.4842 0.0039, -2.6378 -2.7165 0.0039, -1.4173 -3.4842 0.0039, -1.6142 -3.4842 0.0039, -1.4173 -2.9724 0.0039, -1.6142 -2.9724 0.0039, -1.3189 -2.5393 0.0039, -1.5945 -2.185 0.0039, -1.5945 -2.5393 0.0039, -1.1811 -2.9724 0.0039, -1.2205 -2.9724 0.0039, -1.122 -2.5393 0.0039, -1.2205 -2.185 0.0039, -1.122 -2.185 0.0039, -0.6496 -2.5393 0.0039, -0.748 -2.9724 0.0039, -0.748 -2.185 0.0039, -0.5512 -2.9724 0.0039, -0.5512 -3.4842 0.0039, -0.748 -3.4842 0.0039, -0.315 -3.4842 0.0039, -0.315 -2.9724 0.0039, -0.2559 -3.4842 0.0039, -0.2559 -2.185 0.0039, -0.1772 -2.5393 0.0039, -0.1181 -3.4842 0.0039, -0.1181 -2.9724 0.0039, 0.0 -2.9724 0.0039, 0.0 -2.5393 0.0039, 0.1181 -2.9724 0.0039, 0.0984 -2.5393 0.0039, 0.2165 -3.4842 0.0039, 0.2165 -2.185 0.0039, 0.2953 -2.5393 0.0039, 0.2953 -2.185 0.0039, 0.5709 -2.5393 0.0039, 0.9843 -2.9724 0.0039, 0.748 -2.9724 0.0039, 0.315 -3.4842 0.0039, 0.315 -2.9724 0.0039, 0.5512 -2.9724 0.0039, 0.5512 -3.4842 0.0039, 0.748 -3.4842 0.0039, 1.0531 -3.4842 0.0039, 0.9843 -3.4842 0.0039, 1.1811 -2.9724 0.0039, 1.1811 -3.4842 0.0039, 1.1516 -3.4842 0.0039, 1.2402 -2.185 0.0039, 1.2402 -2.5393 0.0039, 2.0472 -2.9724 0.0039, 2.0472 -3.4842 0.0039, 1.8504 -3.4842 0.0039, 1.8504 -2.9724 0.0039, 2.5984 -2.2834 0.0039, 2.2835 -3.4842 0.0039, 2.2835 -2.9724 0.0039, 3.1102 -3.4842 0.0039, 2.5984 -2.7165 0.0039, 3.1102 -2.7165 0.0039, 1.7717 -2.2244 0.0039, 1.7717 -2.4999 0.0039, 3.1102 -2.2834 0.0039, 3.1102 -2.4803 0.0039, 2.5984 -2.4803 0.0039, 2.1654 -2.2244 0.0039, 2.1654 -2.4999 0.0039, 1.6437 -2.9724 0.0039, 2.1654 -0.807 0.0039, 2.5984 -0.3149 0.0039, 2.1654 -1.0826 0.0039, 2.5984 -0.5511 0.0039, 3.1102 -0.5511 0.0039, 3.1102 -0.748 0.0039, 2.5984 -0.748 0.0039, 2.5984 -0.9842 0.0039, 1.1516 -1.0433 0.0039, 1.1516 -0.8464 0.0039, 1.7717 -0.807 0.0039, 1.7717 -0.6102 0.0039, 2.1654 -0.6102 0.0039, 2.1654 -0.3346 0.0039, 1.7717 -0.3346 0.0039, 3.1102 -0.9842 0.0039, 3.1102 -1.1811 0.0039, 1.7717 -1.0826 0.0039, 3.1102 -0.3149 0.0039, 2.1654 -0.1377 0.0039, 2.5984 0.1182 0.0039, 2.1654 0.1378 0.0039, 3.1102 0.1182 0.0039, 1.7717 0.1378 0.0039, 1.7717 -0.1377 0.0039, 2.5984 2.0473 0.0039, 2.1654 1.752 0.0039, 2.5984 2.0867 0.0039, 2.1654 2.0276 0.0039, 3.1102 2.0473 0.0039, 3.1102 1.8504 0.0039, 2.5984 1.8504 0.0039, 1.6437 2.0867 0.0039, 1.7717 2.0276 0.0039, 1.7717 1.752 0.0039, 1.8504 3.4843 0.0039, 2.0472 3.4843 0.0039, 1.8504 2.9725 0.0039, 2.0472 2.9725 0.0039, 1.7717 2.5001 0.0039, 1.7717 2.2245 0.0039, 2.1654 2.2245 0.0039, 2.1654 2.5001 0.0039, 2.5984 2.2835 0.0039, 3.1102 2.4804 0.0039, 3.1102 2.2835 0.0039, 2.5984 2.4804 0.0039, 3.1102 3.4843 0.0039, 3.1102 2.7166 0.0039, 2.5984 2.7166 0.0039, 2.2835 2.9725 0.0039, 2.2835 3.4843 0.0039, 1.5157 2.1457 0.0039, 1.2402 2.1457 0.0039, 1.1516 2.0867 0.0039, 1.2402 2.5394 0.0039, 1.1811 2.9725 0.0039, 1.4173 2.9725 0.0039, 1.4173 3.4843 0.0039, 1.6142 3.4843 0.0039, 0.7677 2.1457 0.0039, 1.0433 2.1457 0.0039, 1.0531 2.0867 0.0039, 0.2953 2.5394 0.0039, 0.2953 2.1457 0.0039, 0.2165 2.0867 0.0039, 0.5709 2.1457 0.0039, 0.7677 2.5394 0.0039, 0.315 2.9725 0.0039, 1.0433 2.5394 0.0039, 0.5512 2.9725 0.0039, 0.2165 3.4843 0.0039, 0.315 3.4843 0.0039, 0.9843 3.4843 0.0039, 1.0531 3.4843 0.0039, 0.9843 2.9725 0.0039, 0.748 2.9725 0.0039, 0.748 3.4843 0.0039, 0.5512 3.4843 0.0039, 0.0 2.1457 0.0039, 0.0984 2.1457 0.0039, -0.1772 2.5394 0.0039, -0.1772 2.1457 0.0039, -0.2559 2.0867 0.0039, -0.1181 3.4843 0.0039, -0.1181 2.9725 0.0039, -0.748 3.4843 0.0039, -0.5512 3.4843 0.0039, -0.748 2.9725 0.0039, -0.5512 2.9725 0.0039, -0.6496 2.5394 0.0039, -0.6496 2.1457 0.0039, -0.748 2.0867 0.0039, -0.374 2.1457 0.0039, -0.374 2.5394 0.0039, -1.2205 2.9725 0.0039, -1.1811 2.9725 0.0039, -0.8465 2.5394 0.0039, -1.1811 3.4843 0.0039, -0.9843 3.4843 0.0039, -0.9843 2.9725 0.0039, -0.8465 2.1457 0.0039, -1.122 2.1457 0.0039, -1.2205 2.0867 0.0039, -1.122 2.5394 0.0039, 0.1181 3.4843 0.0039, 0.1181 2.9725 0.0039, 0.0984 2.5394 0.0039, 0.0 2.9725 0.0039, 0.0 2.5394 0.0039, -1.6831 2.9725 0.0039, -1.6142 2.9725 0.0039, -1.3189 2.5394 0.0039, -1.6142 3.4843 0.0039, -1.4173 3.4843 0.0039, -1.4173 2.9725 0.0039, -1.3189 2.1457 0.0039, -1.5945 2.1457 0.0039, -1.6831 2.0867 0.0039, -1.5945 2.5394 0.0039, -2.1654 2.2245 0.0039, -2.5984 2.0867 0.0039, -2.1654 2.5001 0.0039, -2.5984 2.2835 0.0039, -2.0472 2.9725 0.0039, -1.7717 2.5001 0.0039, -2.2835 2.9725 0.0039, -2.0472 3.4843 0.0039, -1.8504 3.4843 0.0039, -1.8504 2.9725 0.0039, -1.7717 2.2245 0.0039, -3.1102 2.7166 0.0039, -3.1102 3.1693 0.0039, -2.7953 3.4843 0.0039, -3.1102 2.2835 0.0039, -3.1102 2.4804 0.0039, -2.6378 2.2835 0.0039, -2.6378 2.4804 0.0039, -2.5984 2.4804 0.0039, -2.2835 3.4843 0.0039, -1.6831 1.6536 0.0039, -1.7717 1.752 0.0039, -1.7717 2.0276 0.0039, -2.1654 2.0276 0.0039, -2.5984 2.0473 0.0039, -2.1654 1.752 0.0039, -2.5984 1.6536 0.0039, -2.5984 1.8504 0.0039, -2.6378 2.0473 0.0039, -2.1654 1.4174 0.0039, -2.5984 1.6142 0.0039, -2.1654 1.5552 0.0039, -3.1102 1.4174 0.0039, -3.1102 1.6142 0.0039, -2.6378 1.4174 0.0039, -2.6378 1.6142 0.0039, -2.5984 1.4174 0.0039, -2.5984 1.1812 0.0039, -2.1654 1.2796 0.0039, -1.6831 1.1812 0.0039, -1.7717 1.2796 0.0039, -1.6831 1.4174 0.0039, -1.7717 1.4174 0.0039, -1.7717 1.5552 0.0039, -2.1654 0.8071 0.0039, -2.5984 0.315 0.0039, -2.1654 1.004 0.0039, -2.5984 0.5512 0.0039, -2.1654 0.3347 0.0039, -1.7717 0.3347 0.0039, -1.6831 0.2953 0.0039, -1.7717 0.6103 0.0039, -2.6378 0.315 0.0039, -3.1102 0.5512 0.0039, -3.1102 0.7481 0.0039, -2.6378 0.5512 0.0039, -2.6378 0.7481 0.0039, -2.5984 0.7481 0.0039, -2.5984 0.9843 0.0039, -3.1102 0.315 0.0039, -3.1102 0.2953 0.0039, -3.1102 0.1182 0.0039, -2.1654 -0.1377 0.0039, -1.7717 -0.1377 0.0039, -1.6831 -0.2952 0.0039, -1.7717 0.1378 0.0039, -2.1654 0.1378 0.0039, -2.6378 -0.1181 0.0039, -2.5984 -0.1181 0.0039, -3.1102 -0.1181 0.0039, -3.1102 -0.2952 0.0039, -3.1102 -0.3149 0.0039, -2.1654 -0.6102 0.0039, -2.5984 -0.9842 0.0039, -2.1654 -0.3346 0.0039, -2.5984 -0.748 0.0039, -2.1654 -0.807 0.0039, -2.1654 -1.0826 0.0039, -2.5984 -1.1811 0.0039, -1.6831 -1.1811 0.0039, -1.7717 -1.0826 0.0039, -1.7717 -0.807 0.0039, -1.7717 -0.6102 0.0039, -1.7717 -0.3346 0.0039, -3.1102 -1.1811 0.0039, -3.1102 -0.9842 0.0039, -2.6378 -1.1811 0.0039, -2.6378 -0.9842 0.0039, -1.7717 -1.2795 0.0039, -2.1654 -1.2795 0.0039, -2.1654 -1.5551 0.0039, -2.5984 -1.6535 0.0039, -2.1654 -1.3779 0.0039, -2.5984 -1.6141 0.0039, -1.7717 -1.3779 0.0039, -1.6831 -1.3779 0.0039, -1.7717 -1.5551 0.0039, -1.6831 -1.6535 0.0039, -3.1102 -1.6141 0.0039, -3.1102 -1.4173 0.0039, -2.6378 -1.6141 0.0039, -2.6378 -1.4173 0.0039, -2.5984 -1.4173 0.0039, -2.5984 -1.3779 0.0039, -2.6378 -1.9291 0.0039, -2.6378 -1.8503 0.0039, -2.5984 -1.8503 0.0039, -3.1102 -1.8503 0.0039, -3.1102 -1.9291 0.0039, -2.6378 -2.0472 0.0039, -3.1102 -2.0472 0.0039, -2.1654 -2.0275 0.0039, -2.5984 -2.185 0.0039, -2.1654 -1.9291 0.0039, -2.5984 -2.0472 0.0039, -2.1654 -1.7519 0.0039, -1.7717 -2.0275 0.0039, -1.6831 -1.9291 0.0039, -1.7717 -1.9291 0.0039, -1.7717 -1.7519 0.0039, -3.1102 -2.4803 0.0039, -3.1102 -2.2834 0.0039, -2.6378 -2.4803 0.0039, -2.6378 -2.2834 0.0039, -2.5984 -2.2834 0.0039, -1.5945 -2.1456 0.0039, -1.3189 -2.1456 0.0039, -1.2205 -1.9291 0.0039, -1.3189 -2.185 0.0039, -1.122 -2.1456 0.0039, -0.8465 -2.1456 0.0039, -0.8465 -2.185 0.0039, -0.8465 -2.5393 0.0039, -0.9843 -2.9724 0.0039, -0.9843 -3.4842 0.0039, -1.1811 -3.4842 0.0039, -0.374 -2.5393 0.0039, -0.374 -2.185 0.0039, -0.374 -2.1456 0.0039, -0.6496 -2.1456 0.0039, -0.6496 -2.185 0.0039, 0.1181 -3.4842 0.0039, 0.0984 -2.185 0.0039, 0.0984 -2.1456 0.0039, 0.0 -2.1456 0.0039, -0.1772 -2.1456 0.0039, -0.1772 -2.185 0.0039, 0.2953 -2.1456 0.0039, 0.5709 -2.1456 0.0039, 1.0433 -2.5393 0.0039, 1.0433 -2.185 0.0039, 1.0433 -2.1456 0.0039, 0.7677 -2.1456 0.0039, 1.6142 -2.9724 0.0039, 1.5157 -2.5393 0.0039, 1.5157 -2.185 0.0039, 1.5157 -2.1456 0.0039, 1.2402 -2.1456 0.0039, 0.0 1.004 0.0039, 0.0984 0.9646 0.0039, 0.0984 0.4528 0.0039, 0.2165 0.4528 0.0039, 0.6102 0.4528 0.0039, 0.6102 0.9646 0.0039, -2.6378 1.004 0.0039, -2.6378 1.1812 0.0039, -1.7717 1.0827 0.0039, -2.1654 1.0827 0.0039, -1.2205 1.4174 0.0039, -1.2205 1.5158 0.0039, -1.063 1.5158 0.0039, -1.4567 1.5158 0.0039, -1.4567 1.6536 0.0039, -1.4567 1.7914 0.0039, -1.2205 1.7914 0.0039, -1.063 1.7914 0.0039, -1.063 1.6536 0.0039, -0.748 1.6536 0.0039, -0.748 1.4174 0.0039, -1.2205 1.004 0.0039, -1.2205 1.0434 0.0039, -1.063 1.0434 0.0039, -1.4567 0.8465 0.0039, -1.4567 0.5709 0.0039, -1.2205 0.8465 0.0039, -2.1654 0.6103 0.0039, -2.5984 -0.5511 0.0039, -2.6378 -0.5511 0.0039, -2.6378 -0.748 0.0039, -3.1102 -0.5511 0.0039, -3.1102 -0.748 0.0039, -1.063 0.5709 0.0039, -1.063 0.8465 0.0039, -0.748 1.004 0.0039, -1.4567 1.0434 0.0039, -1.4567 1.1812 0.0039, -1.4567 1.3189 0.0039, -1.2205 1.3189 0.0039, -1.063 1.3189 0.0039, -1.063 1.1812 0.0039, -0.748 1.1812 0.0039, -1.4567 0.0985 0.0039, -1.4567 0.2953 0.0039, -1.4567 0.3741 0.0039, -1.2205 0.3741 0.0039, -1.2205 0.5709 0.0039, -1.063 0.3741 0.0039, -1.063 -0.0984 0.0039, -0.748 0.2953 0.0039, -1.063 -0.2952 0.0039, -0.748 -0.2952 0.0039, -1.063 -0.374 0.0039, -1.4567 -0.374 0.0039, -1.063 0.2953 0.0039, -1.063 0.0985 0.0039, -1.2205 0.0985 0.0039, -1.2205 -0.0984 0.0039, -1.4567 -0.0984 0.0039, -1.4567 -0.2952 0.0039, -1.063 -1.0433 0.0039, -1.063 -1.1811 0.0039, -0.748 -1.1811 0.0039, -1.063 -1.3188 0.0039, -1.4567 -0.8464 0.0039, -1.4567 -0.5708 0.0039, -1.2205 -0.5708 0.0039, -1.2205 -0.374 0.0039, -1.063 -0.5708 0.0039, -1.063 -0.8464 0.0039, -1.2205 -0.8464 0.0039, -1.2205 -1.0433 0.0039, -1.4567 -1.0433 0.0039, -1.4567 -1.1811 0.0039, -1.4567 -1.3188 0.0039, -1.2205 -1.3779 0.0039, -1.063 -1.7913 0.0039, -1.2205 -1.7913 0.0039, -1.4567 -1.7913 0.0039, -1.4567 -1.6535 0.0039, -1.4567 -1.5157 0.0039, -1.2205 -1.5157 0.0039, -1.063 -1.5157 0.0039, -1.063 -1.6535 0.0039, -0.2559 0.2953 0.0039, -0.2559 0.256 0.0039, -0.6102 0.256 0.0039, -0.0984 0.256 0.0039, -0.0984 -0.2559 0.0039, -0.2559 -0.2559 0.0039, -0.2559 -0.2952 0.0039, -0.6102 -0.2559 0.0039, -0.0984 -0.4527 0.0039, -0.0984 -0.9645 0.0039, -0.2559 -0.9645 0.0039, -0.2559 -1.1811 0.0039, -0.6102 -0.9645 0.0039, -0.6102 -0.4527 0.0039, -0.2559 -0.4527 0.0039, 0.3346 -1.8307 0.0039, 0.3346 -1.6535 0.0039, 0.3346 -1.437 0.0039, 0.6102 -1.437 0.0039, 0.6102 -1.6535 0.0039, 0.6102 -1.8307 0.0039, 0.5709 -2.185 0.0039, 0.7677 -2.185 0.0039, 0.7677 -2.5393 0.0039, 1.4173 -2.9724 0.0039, 1.4173 -3.4842 0.0039, 1.6142 -3.4842 0.0039, 1.063 -1.6535 0.0039, -1.2205 -1.3188 0.0039, -3.1102 1.1812 0.0039, 0.2165 1.6536 0.0039, 0.2165 1.4174 0.0039, 0.2165 1.1812 0.0039, 0.2165 1.004 0.0039, 0.2165 0.9646 0.0039, 0.0 2.0867 0.0039, 0.0 1.6536 0.0039, 0.0 1.4174 0.0039, 0.0 1.1812 0.0039, 0.5709 2.5394 0.0039, 1.0531 1.6536 0.0039, 1.063 1.5158 0.0039, 1.1516 1.5158 0.0039, 1.4567 1.5158 0.0039, 1.4567 1.6536 0.0039, 1.4567 1.7914 0.0039, 1.1516 1.7914 0.0039, 1.063 1.7914 0.0039, 1.063 1.6536 0.0039, -0.2559 1.6536 0.0039, -0.2559 1.4174 0.0039, -0.2559 1.1812 0.0039, -0.2559 1.004 0.0039, -0.6102 0.9646 0.0039, -0.6102 0.4528 0.0039, -0.2559 0.4528 0.0039, -0.0984 0.4528 0.0039, -0.0984 0.9646 0.0039, -0.2559 0.9646 0.0039, 1.1516 3.4843 0.0039, 1.1811 3.4843 0.0039
            ]
        }
        coordIndex [
            0,1,2,-1,3,4,5,-1,6,7,8,-1,9,10,11,-1,12,13,14,-1,15,16,17,-1,18,19,20,-1,21,22,23,-1,24,25,26,-1,27,28,29,-1,30,31,32,-1,33,34,35,-1,36,37,38,-1,39,40,41,-1,42,43,44,-1,45,46,47,-1,47,46,48,-1,47,48,49,-1,49,48,50,-1,49,50,51,-1,51,50,52,-1,51,52,53,-1,53,52,54,-1,53,54,55,-1,55,54,56,-1,55,56,45,-1,45,56,46,-1,57,46,58,-1,58,46,56,-1,58,56,59,-1,59,56,54,-1,59,54,60,-1,60,54,61,-1,60,61,62,-1,62,61,63,-1,62,63,64,-1,64,63,65,-1,64,65,66,-1,66,65,67,-1,66,67,68,-1,68,67,69,-1,68,69,57,-1,57,69,46,-1,70,71,72,-1,72,71,73,-1,72,73,74,-1,74,73,75,-1,74,75,44,-1,76,77,78,-1,78,77,79,-1,78,79,80,-1,81,77,70,-1,70,77,76,-1,70,76,71,-1,81,70,82,-1,82,70,83,-1,82,83,84,-1,84,83,85,-1,84,85,86,-1,86,85,87,-1,86,87,88,-1,89,90,91,-1,91,90,92,-1,93,94,95,-1,95,94,96,-1,95,96,97,-1,97,96,98,-1,97,98,99,-1,99,98,100,-1,99,100,101,-1,102,103,79,-1,79,103,104,-1,105,106,107,-1,108,109,110,-1,111,112,113,-1,106,105,113,-1,113,105,94,-1,113,94,111,-1,111,94,93,-1,111,93,89,-1,89,91,111,-1,111,91,114,-1,111,114,112,-1,115,116,87,-1,87,116,117,-1,118,79,119,-1,119,79,104,-1,119,104,120,-1,120,104,121,-1,120,121,109,-1,109,121,122,-1,109,122,110,-1,110,122,123,-1,110,123,124,-1,81,125,77,-1,77,125,88,-1,77,88,79,-1,79,88,87,-1,79,87,102,-1,102,87,117,-1,102,117,126,-1,126,117,127,-1,126,127,124,-1,124,127,39,-1,124,39,110,-1,110,39,41,-1,128,129,130,-1,130,129,131,-1,87,130,115,-1,115,130,131,-1,115,131,132,-1,132,131,133,-1,132,133,134,-1,134,133,135,-1,40,134,41,-1,41,134,135,-1,41,135,38,-1,38,135,136,-1,38,136,137,-1,138,139,140,-1,140,139,141,-1,141,139,142,-1,141,142,143,-1,143,142,144,-1,143,144,145,-1,145,144,146,-1,145,146,147,-1,140,148,138,-1,138,148,149,-1,138,149,130,-1,130,149,137,-1,130,137,128,-1,128,137,136,-1,150,151,152,-1,153,150,154,-1,154,150,155,-1,154,155,156,-1,156,155,157,-1,156,157,96,-1,96,157,158,-1,96,158,98,-1,98,158,159,-1,98,159,160,-1,160,159,161,-1,160,161,162,-1,162,161,163,-1,162,163,152,-1,152,163,155,-1,152,155,150,-1,164,165,166,-1,164,156,165,-1,165,156,96,-1,165,96,167,-1,167,96,94,-1,167,94,168,-1,168,94,105,-1,168,105,169,-1,169,105,170,-1,169,170,171,-1,171,170,172,-1,171,172,166,-1,166,172,173,-1,166,173,164,-1,164,173,174,-1,164,174,175,-1,176,177,178,-1,149,179,137,-1,137,179,147,-1,137,147,38,-1,38,147,146,-1,38,146,36,-1,178,180,181,-1,182,183,181,-1,181,183,184,-1,185,186,184,-1,184,186,187,-1,184,187,181,-1,181,187,188,-1,181,188,178,-1,178,188,189,-1,178,189,176,-1,35,41,33,-1,33,41,183,-1,33,183,190,-1,190,183,182,-1,190,182,191,-1,191,182,192,-1,37,186,38,-1,38,186,185,-1,38,185,41,-1,41,185,193,-1,41,193,183,-1,194,195,196,-1,197,198,199,-1,199,198,200,-1,196,195,144,-1,144,195,201,-1,144,201,146,-1,146,201,202,-1,146,202,203,-1,204,200,205,-1,205,200,198,-1,205,198,203,-1,203,198,176,-1,203,176,146,-1,146,176,189,-1,146,189,36,-1,206,207,208,-1,209,210,211,-1,211,210,206,-1,212,213,214,-1,215,211,216,-1,216,211,206,-1,216,206,217,-1,217,206,208,-1,217,208,214,-1,214,208,218,-1,207,219,208,-1,208,219,30,-1,208,30,220,-1,220,30,32,-1,221,222,223,-1,223,222,224,-1,223,224,225,-1,212,226,227,-1,225,224,227,-1,227,224,215,-1,227,215,212,-1,212,215,216,-1,212,216,213,-1,228,229,230,-1,230,229,231,-1,230,231,232,-1,233,234,235,-1,236,237,238,-1,239,240,241,-1,241,240,242,-1,241,242,243,-1,244,241,245,-1,245,241,243,-1,245,243,246,-1,246,243,247,-1,246,247,248,-1,248,247,249,-1,250,251,252,-1,252,251,253,-1,254,255,252,-1,252,255,256,-1,257,250,258,-1,258,250,252,-1,258,252,259,-1,259,252,256,-1,259,256,260,-1,260,256,261,-1,262,263,255,-1,264,265,266,-1,0,267,268,-1,269,270,271,-1,272,162,273,-1,274,275,276,-1,276,275,277,-1,276,277,278,-1,160,279,280,-1,281,282,273,-1,273,282,283,-1,279,160,284,-1,284,160,162,-1,284,162,285,-1,285,162,272,-1,285,272,280,-1,280,272,286,-1,280,286,160,-1,271,272,269,-1,269,272,273,-1,269,273,275,-1,275,273,283,-1,275,283,277,-1,287,288,289,-1,289,288,290,-1,291,292,290,-1,290,292,293,-1,290,293,289,-1,289,293,294,-1,75,80,44,-1,44,80,79,-1,44,79,42,-1,42,79,118,-1,42,118,295,-1,295,118,296,-1,295,296,107,-1,107,296,108,-1,107,108,105,-1,105,108,110,-1,105,110,297,-1,297,110,298,-1,297,298,287,-1,287,298,299,-1,287,299,288,-1,288,299,300,-1,288,300,110,-1,110,300,301,-1,110,301,298,-1,302,303,294,-1,294,303,170,-1,294,170,289,-1,289,170,105,-1,289,105,304,-1,304,105,297,-1,305,288,29,-1,29,288,110,-1,29,110,27,-1,27,110,306,-1,27,306,307,-1,307,306,308,-1,309,307,35,-1,35,307,308,-1,35,308,41,-1,41,308,310,-1,41,310,110,-1,110,310,311,-1,110,311,306,-1,312,313,314,-1,314,313,315,-1,316,317,312,-1,312,317,318,-1,312,318,313,-1,313,318,204,-1,319,320,196,-1,196,320,321,-1,205,194,204,-1,204,194,196,-1,204,196,313,-1,313,196,321,-1,322,323,324,-1,324,323,325,-1,326,327,319,-1,319,327,328,-1,329,330,328,-1,328,330,314,-1,328,314,319,-1,319,314,315,-1,319,315,320,-1,331,332,333,-1,333,332,330,-1,334,335,336,-1,25,324,329,-1,329,324,330,-1,330,324,325,-1,330,325,333,-1,333,325,337,-1,333,337,336,-1,336,337,338,-1,336,338,334,-1,329,326,25,-1,25,326,319,-1,25,319,26,-1,26,319,339,-1,339,319,340,-1,340,319,341,-1,340,341,342,-1,342,341,343,-1,342,343,26,-1,26,343,344,-1,26,344,24,-1,24,344,345,-1,24,345,346,-1,347,348,349,-1,350,351,352,-1,352,351,353,-1,354,355,356,-1,356,355,357,-1,358,359,355,-1,360,361,362,-1,362,361,356,-1,362,356,363,-1,363,356,357,-1,363,357,364,-1,364,357,365,-1,366,367,352,-1,368,369,370,-1,23,371,372,-1,373,374,375,-1,375,374,376,-1,377,378,379,-1,378,380,370,-1,370,380,381,-1,382,383,384,-1,385,386,383,-1,383,386,387,-1,383,387,384,-1,384,387,375,-1,388,379,389,-1,389,379,390,-1,389,390,391,-1,392,358,393,-1,393,358,394,-1,393,394,395,-1,395,394,396,-1,395,396,372,-1,372,396,368,-1,372,368,23,-1,23,368,370,-1,23,370,21,-1,21,370,381,-1,21,381,376,-1,376,381,377,-1,376,377,375,-1,375,377,379,-1,375,379,384,-1,384,379,388,-1,397,398,399,-1,400,401,398,-1,398,401,402,-1,398,402,399,-1,399,402,382,-1,403,390,404,-1,404,390,405,-1,404,405,406,-1,384,391,382,-1,382,391,390,-1,382,390,399,-1,399,390,403,-1,407,408,409,-1,409,408,410,-1,411,412,413,-1,413,412,409,-1,414,415,411,-1,411,415,416,-1,411,416,412,-1,412,416,397,-1,399,406,397,-1,397,406,405,-1,397,405,412,-1,412,405,417,-1,418,419,19,-1,19,419,420,-1,19,420,20,-1,421,422,423,-1,423,422,424,-1,423,424,410,-1,410,424,425,-1,410,425,409,-1,409,425,18,-1,409,18,413,-1,413,18,20,-1,413,20,426,-1,427,428,405,-1,405,428,429,-1,430,431,429,-1,429,431,408,-1,429,408,405,-1,405,408,407,-1,405,407,417,-1,432,433,430,-1,430,433,434,-1,430,434,431,-1,431,434,15,-1,431,15,435,-1,435,15,17,-1,436,437,438,-1,438,437,433,-1,438,433,427,-1,427,433,432,-1,427,432,428,-1,439,440,441,-1,441,440,442,-1,441,442,443,-1,442,437,443,-1,443,437,436,-1,443,436,444,-1,444,436,445,-1,444,445,446,-1,446,445,447,-1,446,447,448,-1,448,447,449,-1,448,449,427,-1,427,449,450,-1,427,450,438,-1,451,452,453,-1,453,452,454,-1,455,456,457,-1,457,456,458,-1,8,459,452,-1,460,461,462,-1,462,461,463,-1,462,463,454,-1,454,463,464,-1,454,464,453,-1,453,464,465,-1,459,8,466,-1,466,8,467,-1,467,8,7,-1,467,7,468,-1,469,470,471,-1,471,470,457,-1,457,470,472,-1,457,472,473,-1,5,474,475,-1,474,5,476,-1,476,5,477,-1,477,5,4,-1,477,4,478,-1,479,480,481,-1,481,480,482,-1,483,484,485,-1,486,487,488,-1,489,490,471,-1,471,490,481,-1,491,492,493,-1,493,492,494,-1,493,494,485,-1,485,494,480,-1,485,480,483,-1,483,480,479,-1,483,479,488,-1,486,495,496,-1,497,498,499,-1,499,498,500,-1,495,486,501,-1,501,486,502,-1,501,502,503,-1,503,502,504,-1,503,504,497,-1,505,506,507,-1,507,506,508,-1,507,508,500,-1,500,508,509,-1,500,509,499,-1,499,509,510,-1,499,510,496,-1,496,510,485,-1,496,485,486,-1,486,485,484,-1,486,484,487,-1,511,512,513,-1,512,511,514,-1,514,511,515,-1,515,511,516,-1,515,516,517,-1,518,519,520,-1,520,519,521,-1,497,504,498,-1,498,504,522,-1,498,522,513,-1,513,522,520,-1,513,520,511,-1,511,520,521,-1,511,521,516,-1,212,523,524,-1,524,523,525,-1,524,525,504,-1,504,525,526,-1,504,526,522,-1,527,528,529,-1,529,528,530,-1,529,530,218,-1,218,530,531,-1,218,531,214,-1,214,531,519,-1,214,519,212,-1,212,519,518,-1,212,518,523,-1,226,212,532,-1,532,212,524,-1,532,524,533,-1,533,524,534,-1,533,534,535,-1,535,534,231,-1,535,231,225,-1,225,231,229,-1,225,229,223,-1,232,231,536,-1,536,231,534,-1,536,534,537,-1,537,534,48,-1,537,48,538,-1,538,48,235,-1,538,235,539,-1,539,235,234,-1,539,234,230,-1,230,234,540,-1,230,540,228,-1,228,540,541,-1,228,541,542,-1,238,234,236,-1,236,234,233,-1,236,233,240,-1,240,233,543,-1,240,543,242,-1,242,543,544,-1,242,544,46,-1,46,544,545,-1,46,545,48,-1,48,545,546,-1,48,546,235,-1,235,546,547,-1,235,547,233,-1,548,248,250,-1,250,248,249,-1,250,249,251,-1,251,249,549,-1,251,549,67,-1,67,549,550,-1,67,550,69,-1,69,550,551,-1,69,551,46,-1,46,551,552,-1,46,552,242,-1,242,552,553,-1,242,553,243,-1,253,251,554,-1,554,251,67,-1,554,67,555,-1,556,557,1,-1,1,557,558,-1,1,558,2,-1,2,558,559,-1,560,268,286,-1,286,268,561,-1,286,561,160,-1,160,561,562,-1,160,562,98,-1,98,562,563,-1,98,563,100,-1,100,563,564,-1,565,566,83,-1,83,566,567,-1,83,567,85,-1,85,567,568,-1,85,568,87,-1,87,568,569,-1,87,569,130,-1,130,569,570,-1,11,10,446,-1,571,572,444,-1,10,573,446,-1,446,573,574,-1,446,574,444,-1,444,574,453,-1,444,453,571,-1,571,453,465,-1,571,465,12,-1,575,576,577,-1,576,575,578,-1,578,575,448,-1,578,448,579,-1,579,448,427,-1,579,427,580,-1,580,427,405,-1,580,405,581,-1,581,405,390,-1,581,390,582,-1,582,390,379,-1,582,379,583,-1,583,379,584,-1,583,584,577,-1,577,584,585,-1,577,585,575,-1,586,587,588,-1,589,590,457,-1,11,586,591,-1,591,589,11,-1,11,589,457,-1,11,457,9,-1,9,457,458,-1,9,458,451,-1,451,458,592,-1,451,592,452,-1,452,592,455,-1,452,455,8,-1,8,455,457,-1,8,457,6,-1,6,457,473,-1,6,473,475,-1,475,473,469,-1,475,469,5,-1,5,469,471,-1,5,471,3,-1,3,471,481,-1,3,481,593,-1,593,481,482,-1,593,482,594,-1,594,482,595,-1,594,595,596,-1,596,595,597,-1,598,599,600,-1,587,586,601,-1,601,586,11,-1,601,11,602,-1,602,11,446,-1,602,446,603,-1,603,446,448,-1,603,448,604,-1,604,448,575,-1,604,575,605,-1,605,575,585,-1,605,585,606,-1,606,585,607,-1,606,607,588,-1,588,607,600,-1,588,600,586,-1,586,600,599,-1,586,599,591,-1,608,471,609,-1,609,471,457,-1,609,457,610,-1,610,457,590,-1,610,590,611,-1,611,590,612,-1,611,612,613,-1,614,615,616,-1,616,615,617,-1,616,617,618,-1,479,489,488,-1,488,489,471,-1,488,471,486,-1,486,471,619,-1,612,598,613,-1,613,598,600,-1,613,600,620,-1,620,600,615,-1,620,615,621,-1,621,615,614,-1,621,614,622,-1,622,614,623,-1,622,623,608,-1,608,623,624,-1,608,624,471,-1,471,624,625,-1,471,625,619,-1,626,617,627,-1,627,617,628,-1,627,628,629,-1,630,486,631,-1,631,486,619,-1,631,619,632,-1,632,619,633,-1,632,633,634,-1,633,618,634,-1,634,618,617,-1,634,617,635,-1,635,617,626,-1,635,626,636,-1,636,626,637,-1,636,637,630,-1,630,637,638,-1,630,638,486,-1,486,638,639,-1,486,639,502,-1,502,639,640,-1,502,640,641,-1,642,48,643,-1,643,48,534,-1,643,534,644,-1,644,534,524,-1,644,524,645,-1,645,524,504,-1,645,504,646,-1,646,504,502,-1,646,502,647,-1,647,502,641,-1,647,641,648,-1,648,641,52,-1,648,52,649,-1,649,52,50,-1,649,50,642,-1,642,50,48,-1,650,651,652,-1,651,650,653,-1,653,650,83,-1,653,83,654,-1,654,83,70,-1,654,70,655,-1,655,70,656,-1,655,656,657,-1,657,656,617,-1,657,617,652,-1,652,617,615,-1,652,615,650,-1,658,70,659,-1,659,70,72,-1,659,72,660,-1,660,72,661,-1,660,661,662,-1,662,661,628,-1,662,628,663,-1,663,628,617,-1,663,617,664,-1,664,617,656,-1,664,656,658,-1,658,656,70,-1,665,67,666,-1,666,67,65,-1,666,65,667,-1,667,65,63,-1,667,63,668,-1,668,63,91,-1,668,91,669,-1,669,91,92,-1,669,92,670,-1,670,92,2,-1,665,670,67,-1,67,670,2,-1,67,2,555,-1,555,2,559,-1,555,559,671,-1,671,559,672,-1,671,672,254,-1,254,672,673,-1,254,673,255,-1,255,673,556,-1,255,556,262,-1,262,556,1,-1,262,1,266,-1,266,1,0,-1,266,0,264,-1,264,0,268,-1,264,268,674,-1,674,268,560,-1,674,560,675,-1,675,560,676,-1,90,677,92,-1,92,677,101,-1,92,101,2,-1,2,101,100,-1,2,100,0,-1,0,100,564,-1,0,564,267,-1,640,678,641,-1,641,678,629,-1,641,629,52,-1,52,629,628,-1,52,628,54,-1,54,628,661,-1,54,661,61,-1,61,661,72,-1,61,72,63,-1,63,72,74,-1,63,74,91,-1,91,74,44,-1,91,44,114,-1,114,44,43,-1,12,14,571,-1,571,14,679,-1,571,679,572,-1,680,139,681,-1,681,139,138,-1,681,138,682,-1,682,138,130,-1,682,130,683,-1,683,130,570,-1,683,570,684,-1,685,680,686,-1,686,680,681,-1,686,681,687,-1,687,681,682,-1,687,682,688,-1,688,682,683,-1,688,683,565,-1,565,683,684,-1,565,684,566,-1,367,394,352,-1,352,394,358,-1,352,358,350,-1,350,358,355,-1,350,355,689,-1,689,355,354,-1,689,354,353,-1,353,354,347,-1,353,347,352,-1,352,347,349,-1,352,349,690,-1,369,366,685,-1,685,366,352,-1,685,352,680,-1,680,352,690,-1,680,690,139,-1,139,690,691,-1,139,691,142,-1,142,691,692,-1,142,692,144,-1,144,692,693,-1,144,693,196,-1,196,693,694,-1,196,694,319,-1,319,694,695,-1,319,695,341,-1,341,695,696,-1,341,696,349,-1,349,696,697,-1,349,697,690,-1,690,697,698,-1,690,698,691,-1,369,685,370,-1,370,685,686,-1,370,686,699,-1,699,686,687,-1,699,687,700,-1,700,687,688,-1,700,688,701,-1,701,688,565,-1,701,565,702,-1,378,370,379,-1,379,370,699,-1,379,699,584,-1,584,699,700,-1,584,700,585,-1,585,700,701,-1,585,701,607,-1,607,701,702,-1,607,702,600,-1,600,702,703,-1,600,703,615,-1,615,703,704,-1,615,704,650,-1,650,704,705,-1,650,705,83,-1,83,705,706,-1,83,706,565,-1,565,706,707,-1,565,707,702,-1,702,707,708,-1,702,708,703,-1,348,356,349,-1,349,356,361,-1,349,361,341,-1,341,361,709,-1,341,709,343,-1,343,709,710,-1,
        ]
    }
}
Shape{
    appearance Appearance {
        material  Material 	{
            diffuseColor 0.9686274509803922 0.8784313725490196 0.6
            specularColor 0.6784313725490196 0.615686274509804 0.4196078431372549
            ambientIntensity 0.8737
            transparency 0.0
            shininess 0.5
        }
    }
    geometry IndexedFaceSet {
        ccw TRUE
        solid FALSE
        coord DEF co Coordinate {
            point [
                0.6102 -0.4527 0.0, 0.6102 -0.9645 0.0, 0.0984 -0.4527 0.0, 0.0984 -0.9645 0.0, 0.6102 -0.9645 0.0039, 0.5906 -0.9645 0.0039, 0.1969 -0.9645 0.0039, 0.0984 -0.9645 0.0039, 0.6102 -0.9055 0.0039, 0.6102 -0.7086 0.0039, 0.6102 -0.4527 0.0039, 0.5906 -0.4527 0.0039, 0.1969 -0.4527 0.0039, 0.0984 -0.4527 0.0039, 0.0984 -0.7086 0.0039, 0.0984 -0.9055 0.0039, 1.4567 -1.5157 0.0, 1.4567 -1.7913 0.0, 1.063 -1.5157 0.0, 1.063 -1.7913 0.0, 1.063 -1.7913 0.0039, 1.1516 -1.7913 0.0039, 1.4567 -1.7913 0.0039, 1.4567 -1.6535 0.0039, 1.4567 -1.5157 0.0039, 1.1516 -1.5157 0.0039, 1.063 -1.5157 0.0039, 1.063 -1.6535 0.0039, 1.4567 -1.0433 0.0, 1.4567 -1.3188 0.0, 1.063 -1.0433 0.0, 1.063 -1.3188 0.0, 1.063 -1.3188 0.0039, 1.1516 -1.3188 0.0039, 1.4567 -1.3188 0.0039, 1.4567 -1.1811 0.0039, 1.4567 -1.0433 0.0039, 1.1516 -1.0433 0.0039, 1.063 -1.0433 0.0039, 1.063 -1.1811 0.0039, 1.4567 -0.5708 0.0, 1.4567 -0.8464 0.0, 1.063 -0.5708 0.0, 1.063 -0.8464 0.0, 1.063 -0.8464 0.0039, 1.1516 -0.8464 0.0039, 1.4567 -0.8464 0.0039, 1.4567 -0.7086 0.0039, 1.4567 -0.5708 0.0039, 1.1516 -0.5708 0.0039, 1.063 -0.5708 0.0039, 1.063 -0.7086 0.0039, 1.4567 -0.0984 0.0, 1.4567 -0.374 0.0, 1.063 -0.0984 0.0, 1.063 -0.374 0.0, 1.063 -0.374 0.0039, 1.1516 -0.374 0.0039, 1.4567 -0.374 0.0039, 1.4567 -0.2362 0.0039, 1.4567 -0.0984 0.0039, 1.1516 -0.0984 0.0039, 1.063 -0.0984 0.0039, 1.063 -0.2362 0.0039, 1.4567 0.3741 0.0, 1.4567 0.0985 0.0, 1.063 0.3741 0.0, 1.063 0.0985 0.0, 1.063 0.0985 0.0039, 1.1516 0.0985 0.0039, 1.4567 0.0985 0.0039, 1.4567 0.2363 0.0039, 1.4567 0.3741 0.0039, 1.1516 0.3741 0.0039, 1.063 0.3741 0.0039, 1.063 0.2363 0.0039, 1.4567 0.8465 0.0, 1.4567 0.5709 0.0, 1.063 0.8465 0.0, 1.063 0.5709 0.0, 1.063 0.5709 0.0039, 1.1516 0.5709 0.0039, 1.4567 0.5709 0.0039, 1.4567 0.7087 0.0039, 1.4567 0.8465 0.0039, 1.1516 0.8465 0.0039, 1.063 0.8465 0.0039, 1.063 0.7087 0.0039, 2.1654 -2.2244 0.0, 2.1654 -2.4999 0.0, 1.7717 -2.2244 0.0, 1.7717 -2.4999 0.0, 1.7717 -2.4999 0.0039, 2.1654 -2.4999 0.0039, 2.1654 -2.2244 0.0039, 1.7717 -2.2244 0.0039, 2.1654 -1.7519 0.0, 2.1654 -2.0275 0.0, 1.7717 -1.7519 0.0, 1.7717 -2.0275 0.0, 1.7717 -2.0275 0.0039, 2.1654 -2.0275 0.0039, 2.1654 -1.7519 0.0039, 1.7717 -1.7519 0.0039, 2.1654 -1.2795 0.0, 2.1654 -1.5551 0.0, 1.7717 -1.2795 0.0, 1.7717 -1.5551 0.0, 1.7717 -1.5551 0.0039, 2.1654 -1.5551 0.0039, 2.1654 -1.2795 0.0039, 1.7717 -1.2795 0.0039, 2.1654 -0.807 0.0, 2.1654 -1.0826 0.0, 1.7717 -0.807 0.0, 1.7717 -1.0826 0.0, 1.7717 -1.0826 0.0039, 2.1654 -1.0826 0.0039, 2.1654 -0.807 0.0039, 1.7717 -0.807 0.0039, 2.1654 -0.3346 0.0, 2.1654 -0.6102 0.0, 1.7717 -0.3346 0.0, 1.7717 -0.6102 0.0, 1.7717 -0.6102 0.0039, 2.1654 -0.6102 0.0039, 2.1654 -0.3346 0.0039, 1.7717 -0.3346 0.0039, 2.1654 0.1378 0.0, 2.1654 -0.1377 0.0, 1.7717 0.1378 0.0, 1.7717 -0.1377 0.0, 1.7717 -0.1377 0.0039, 2.1654 -0.1377 0.0039, 2.1654 0.1378 0.0039, 1.7717 0.1378 0.0039, 2.1654 0.6103 0.0, 2.1654 0.3347 0.0, 1.7717 0.6103 0.0, 1.7717 0.3347 0.0, 1.7717 0.3347 0.0039, 2.1654 0.3347 0.0039, 2.1654 0.6103 0.0039, 1.7717 0.6103 0.0039, 2.1654 1.0827 0.0, 2.1654 0.8071 0.0, 1.7717 1.0827 0.0, 1.7717 0.8071 0.0, 1.7717 0.8071 0.0039, 2.1654 0.8071 0.0039, 2.1654 1.0827 0.0039, 1.7717 1.0827 0.0039, 2.1654 1.5552 0.0, 2.1654 1.2796 0.0, 1.7717 1.5552 0.0, 1.7717 1.2796 0.0, 1.7717 1.2796 0.0039, 2.1654 1.2796 0.0039, 2.1654 1.5552 0.0039, 1.7717 1.5552 0.0039, -1.3189 2.5394 0.0, -1.3189 2.1457 0.0, -1.5945 2.5394 0.0, -1.5945 2.1457 0.0, -1.5945 2.1457 0.0039, -1.3189 2.1457 0.0039, -1.3189 2.5394 0.0039, -1.5945 2.5394 0.0039, -0.8465 2.5394 0.0, -0.8465 2.1457 0.0, -1.122 2.5394 0.0, -1.122 2.1457 0.0, -1.122 2.1457 0.0039, -0.8465 2.1457 0.0039, -0.8465 2.5394 0.0039, -1.122 2.5394 0.0039, -0.374 2.5394 0.0, -0.374 2.1457 0.0, -0.6496 2.5394 0.0, -0.6496 2.1457 0.0, -0.6496 2.1457 0.0039, -0.374 2.1457 0.0039, -0.374 2.5394 0.0039, -0.6496 2.5394 0.0039, 0.0984 2.5394 0.0, 0.0984 2.1457 0.0, -0.1772 2.5394 0.0, -0.1772 2.1457 0.0, -0.1772 2.1457 0.0039, 0.0984 2.1457 0.0039, 0.0984 2.5394 0.0039, -0.1772 2.5394 0.0039, 0.5709 2.5394 0.0, 0.5709 2.1457 0.0, 0.2953 2.5394 0.0, 0.2953 2.1457 0.0, 0.2953 2.1457 0.0039, 0.5709 2.1457 0.0039, 0.5709 2.5394 0.0039, 0.2953 2.5394 0.0039
            ]
        }
        coordIndex [
            0,1,2,-1,2,1,3,-1,4,5,1,-1,1,5,6,-1,1,6,3,-1,3,6,7,-1,8,4,1,-1,8,1,9,-1,9,1,0,-1,9,0,10,-1,11,10,0,-1,11,0,12,-1,12,0,2,-1,12,2,13,-1,13,2,14,-1,14,2,3,-1,14,3,15,-1,15,3,7,-1,16,17,18,-1,18,17,19,-1,20,19,21,-1,21,19,17,-1,21,17,22,-1,22,17,23,-1,23,17,16,-1,23,16,24,-1,24,16,25,-1,25,16,18,-1,25,18,26,-1,26,18,27,-1,27,18,19,-1,27,19,20,-1,28,29,30,-1,30,29,31,-1,32,31,33,-1,33,31,29,-1,33,29,34,-1,34,29,35,-1,35,29,28,-1,35,28,36,-1,36,28,37,-1,37,28,30,-1,37,30,38,-1,38,30,39,-1,39,30,31,-1,39,31,32,-1,40,41,42,-1,42,41,43,-1,44,43,45,-1,45,43,41,-1,45,41,46,-1,46,41,47,-1,47,41,40,-1,47,40,48,-1,48,40,49,-1,49,40,42,-1,49,42,50,-1,50,42,51,-1,51,42,43,-1,51,43,44,-1,52,53,54,-1,54,53,55,-1,56,55,57,-1,57,55,53,-1,57,53,58,-1,58,53,59,-1,59,53,52,-1,59,52,60,-1,60,52,61,-1,61,52,54,-1,61,54,62,-1,62,54,63,-1,63,54,55,-1,63,55,56,-1,64,65,66,-1,66,65,67,-1,68,67,69,-1,69,67,65,-1,69,65,70,-1,70,65,71,-1,71,65,64,-1,71,64,72,-1,72,64,73,-1,73,64,66,-1,73,66,74,-1,74,66,75,-1,75,66,67,-1,75,67,68,-1,76,77,78,-1,78,77,79,-1,80,79,81,-1,81,79,77,-1,81,77,82,-1,82,77,83,-1,83,77,76,-1,83,76,84,-1,84,76,85,-1,85,76,78,-1,85,78,86,-1,86,78,87,-1,87,78,79,-1,87,79,80,-1,88,89,90,-1,90,89,91,-1,91,89,92,-1,92,89,93,-1,89,88,93,-1,93,88,94,-1,88,90,94,-1,94,90,95,-1,90,91,95,-1,95,91,92,-1,96,97,98,-1,98,97,99,-1,99,97,100,-1,100,97,101,-1,97,96,101,-1,101,96,102,-1,96,98,102,-1,102,98,103,-1,98,99,103,-1,103,99,100,-1,104,105,106,-1,106,105,107,-1,107,105,108,-1,108,105,109,-1,105,104,109,-1,109,104,110,-1,104,106,110,-1,110,106,111,-1,106,107,111,-1,111,107,108,-1,112,113,114,-1,114,113,115,-1,115,113,116,-1,116,113,117,-1,113,112,117,-1,117,112,118,-1,112,114,118,-1,118,114,119,-1,114,115,119,-1,119,115,116,-1,120,121,122,-1,122,121,123,-1,123,121,124,-1,124,121,125,-1,121,120,125,-1,125,120,126,-1,120,122,126,-1,126,122,127,-1,122,123,127,-1,127,123,124,-1,128,129,130,-1,130,129,131,-1,131,129,132,-1,132,129,133,-1,129,128,133,-1,133,128,134,-1,128,130,134,-1,134,130,135,-1,130,131,135,-1,135,131,132,-1,136,137,138,-1,138,137,139,-1,139,137,140,-1,140,137,141,-1,137,136,141,-1,141,136,142,-1,136,138,142,-1,142,138,143,-1,138,139,143,-1,143,139,140,-1,144,145,146,-1,146,145,147,-1,147,145,148,-1,148,145,149,-1,145,144,149,-1,149,144,150,-1,144,146,150,-1,150,146,151,-1,146,147,151,-1,151,147,148,-1,152,153,154,-1,154,153,155,-1,155,153,156,-1,156,153,157,-1,153,152,157,-1,157,152,158,-1,152,154,158,-1,158,154,159,-1,154,155,159,-1,159,155,156,-1,160,161,162,-1,162,161,163,-1,163,161,164,-1,164,161,165,-1,161,160,165,-1,165,160,166,-1,160,162,166,-1,166,162,167,-1,162,163,167,-1,167,163,164,-1,168,169,170,-1,170,169,171,-1,171,169,172,-1,172,169,173,-1,169,168,173,-1,173,168,174,-1,168,170,174,-1,174,170,175,-1,170,171,175,-1,175,171,172,-1,176,177,178,-1,178,177,179,-1,179,177,180,-1,180,177,181,-1,177,176,181,-1,181,176,182,-1,176,178,182,-1,182,178,183,-1,178,179,183,-1,183,179,180,-1,184,185,186,-1,186,185,187,-1,187,185,188,-1,188,185,189,-1,185,184,189,-1,189,184,190,-1,184,186,190,-1,190,186,191,-1,186,187,191,-1,191,187,188,-1,192,193,194,-1,194,193,195,-1,195,193,196,-1,196,193,197,-1,193,192,197,-1,197,192,198,-1,192,194,198,-1,198,194,199,-1,194,195,199,-1,199,195,196,-1,
        ]
    }
}
Shape{
    appearance Appearance {
        material  Material 	{
            diffuseColor 0.2980392156862745 0.5294117647058824 0.0
            specularColor 0.14901960784313725 0.26666666666666666 0.0
            ambientIntensity 0.3999
            transparency 0.0
            shininess 0.5
        }
    }
    geometry IndexedFaceSet {
        ccw TRUE
        solid FALSE
        coord DEF co Coordinate {
            point [
                3.1102 2.7166 0.0039, 3.1102 3.4843 0.0039, 3.1102 3.4843 0.3189, 3.1102 -2.2834 0.0039, 3.1102 -2.2834 0.0, 3.1102 -2.0472 0.0, 3.1102 -3.4842 0.3189, 3.1102 -2.0472 0.0039, 3.1102 -1.8503 0.0039, 3.1102 -3.4842 0.0039, 3.1102 -3.0118 0.0039, 3.1102 -2.7165 0.0039, 3.1102 2.4804 0.0039, 3.1102 2.4804 0.0, 3.1102 2.7166 0.0, 3.1102 -2.7165 0.0, 3.1102 -2.4803 0.0, 3.1102 -2.4803 0.0039, 3.1102 1.6142 0.0039, 3.1102 1.6142 0.0, 3.1102 1.8504 0.0, 3.1102 -1.8503 0.0, 3.1102 -1.6141 0.0, 3.1102 -1.6141 0.0039, 3.1102 -1.4173 0.0039, 3.1102 2.0473 0.0, 3.1102 2.2835 0.0, 3.1102 2.0473 0.0039, 3.1102 2.2835 0.0039, 3.1102 -1.4173 0.0, 3.1102 -1.1811 0.0, 3.1102 -1.1811 0.0039, 3.1102 -0.9842 0.0039, 3.1102 -0.9842 0.0, 3.1102 -0.748 0.0, 3.1102 -0.748 0.0039, 3.1102 -0.5511 0.0039, 3.1102 -0.5511 0.0, 3.1102 -0.3149 0.0, 3.1102 -0.3149 0.0039, 3.1102 -0.1181 0.0039, 3.1102 -0.1181 0.0, 3.1102 0.1182 0.0, 3.1102 0.1182 0.0039, 3.1102 0.315 0.0039, 3.1102 0.315 0.0, 3.1102 0.5512 0.0, 3.1102 0.5512 0.0039, 3.1102 0.7481 0.0039, 3.1102 0.7481 0.0, 3.1102 0.9843 0.0, 3.1102 0.9843 0.0039, 3.1102 1.1812 0.0039, 3.1102 1.1812 0.0, 3.1102 1.4174 0.0, 3.1102 1.4174 0.0039, 3.1102 1.8504 0.0039, -2.0472 3.4843 0.0, -2.2835 3.4843 0.0, -2.0472 3.4843 0.0039, -2.2835 3.4843 0.0039, -1.8504 3.4843 0.0039, -2.7953 3.4843 0.3189, -2.3524 3.4843 0.0039, -2.7953 3.4843 0.0039, -1.6142 3.4843 0.0039, -1.6142 3.4843 0.0, -1.8504 3.4843 0.0, 2.2835 3.4843 0.0039, 2.2835 3.4843 0.0, 2.0472 3.4843 0.0, 2.0472 3.4843 0.0039, 1.8504 3.4843 0.0039, 1.8504 3.4843 0.0, 1.6142 3.4843 0.0, 1.6142 3.4843 0.0039, 1.4173 3.4843 0.0039, 1.4173 3.4843 0.0, 1.1811 3.4843 0.0, 1.1811 3.4843 0.0039, 1.1417 3.4843 0.0039, 0.9843 3.4843 0.0039, 0.9843 3.4843 0.0, 0.748 3.4843 0.0, 0.748 3.4843 0.0039, 0.6693 3.4843 0.0039, 0.5512 3.4843 0.0039, 0.5512 3.4843 0.0, 0.315 3.4843 0.0, 0.315 3.4843 0.0039, 0.1969 3.4843 0.0039, 0.1181 3.4843 0.0039, 0.1181 3.4843 0.0, -0.1181 3.4843 0.0, -0.1181 3.4843 0.0039, -0.2756 3.4843 0.0039, -0.315 3.4843 0.0039, -0.315 3.4843 0.0, -0.5512 3.4843 0.0, -0.5512 3.4843 0.0039, -0.748 3.4843 0.0039, -0.748 3.4843 0.0, -0.9843 3.4843 0.0, -0.9843 3.4843 0.0039, -1.1811 3.4843 0.0039, -1.1811 3.4843 0.0, -1.4173 3.4843 0.0, -1.4173 3.4843 0.0039, -3.1102 -3.4842 0.0039, -3.1102 -3.4842 0.3189, -3.1102 -2.7165 0.0039, -3.1102 3.1693 0.3189, -3.1102 3.1693 0.0039, -3.1102 2.7166 0.0039, -3.1102 2.7166 0.0, -3.1102 2.4804 0.0, -3.1102 2.4804 0.0039, -3.1102 2.2835 0.0039, -3.1102 -2.4803 0.0039, -3.1102 -2.4803 0.0, -3.1102 -2.7165 0.0, -3.1102 2.2835 0.0, -3.1102 2.0473 0.0, -3.1102 2.0473 0.0039, -3.1102 1.8504 0.0039, -3.1102 1.8504 0.0, -3.1102 1.6142 0.0, -3.1102 1.6142 0.0039, -3.1102 1.4174 0.0039, -3.1102 1.4174 0.0, -3.1102 1.1812 0.0, -3.1102 1.1812 0.0039, -3.1102 1.004 0.0039, -3.1102 0.9843 0.0039, -3.1102 0.9843 0.0, -3.1102 0.7481 0.0, -3.1102 0.7481 0.0039, -3.1102 0.5512 0.0039, -3.1102 0.5512 0.0, -3.1102 0.315 0.0, -3.1102 0.315 0.0039, -3.1102 0.2953 0.0039, -3.1102 0.1182 0.0039, -3.1102 0.1182 0.0, -3.1102 -0.1181 0.0, -3.1102 -0.1181 0.0039, -3.1102 -0.1968 0.0039, -3.1102 -0.3149 0.0039, -3.1102 -0.3149 0.0, -3.1102 -0.5511 0.0, -3.1102 -0.5511 0.0039, -3.1102 -0.748 0.0039, -3.1102 -0.748 0.0, -3.1102 -0.9842 0.0, -3.1102 -0.9842 0.0039, -3.1102 -1.1811 0.0039, -3.1102 -1.1811 0.0, -3.1102 -1.4173 0.0, -3.1102 -1.4173 0.0039, -3.1102 -1.6141 0.0039, -3.1102 -1.6141 0.0, -3.1102 -1.8503 0.0, -3.1102 -1.8503 0.0039, -3.1102 -2.0472 0.0039, -3.1102 -2.2834 0.0039, -3.1102 -2.2834 0.0, -3.1102 -2.0472 0.0, 2.2835 -3.4842 0.0039, 1.8504 -3.4842 0.0039, 2.0472 -3.4842 0.0039, 2.0472 -3.4842 0.0, 2.2835 -3.4842 0.0, -2.3524 -3.4842 0.0039, -2.2835 -3.4842 0.0039, -2.2835 -3.4842 0.0, -2.0472 -3.4842 0.0, -2.0472 -3.4842 0.0039, -1.8504 -3.4842 0.0039, 1.6142 -3.4842 0.0039, 1.6142 -3.4842 0.0, 1.8504 -3.4842 0.0, -1.8504 -3.4842 0.0, -1.6142 -3.4842 0.0, -1.6142 -3.4842 0.0039, -1.4173 -3.4842 0.0039, -1.4173 -3.4842 0.0, -1.1811 -3.4842 0.0, -1.1811 -3.4842 0.0039, -0.9843 -3.4842 0.0039, -0.9843 -3.4842 0.0, -0.748 -3.4842 0.0, -0.748 -3.4842 0.0039, -0.5512 -3.4842 0.0039, -0.5512 -3.4842 0.0, -0.315 -3.4842 0.0, -0.315 -3.4842 0.0039, -0.2756 -3.4842 0.0039, -0.1181 -3.4842 0.0039, -0.1181 -3.4842 0.0, 0.1181 -3.4842 0.0, 0.1181 -3.4842 0.0039, 0.1969 -3.4842 0.0039, 0.315 -3.4842 0.0039, 0.315 -3.4842 0.0, 0.5512 -3.4842 0.0, 0.5512 -3.4842 0.0039, 0.6693 -3.4842 0.0039, 0.748 -3.4842 0.0039, 1.1811 -3.4842 0.0, 1.4173 -3.4842 0.0, 1.1811 -3.4842 0.0039, 1.4173 -3.4842 0.0039, 0.748 -3.4842 0.0, 0.9843 -3.4842 0.0, 0.9843 -3.4842 0.0039, 1.1417 -3.4842 0.0039, 2.9892 -3.2743 0.3189, 2.9804 -3.2992 0.3189, -2.9003 -3.3631 0.3189, -2.9253 -3.3544 0.3189, 2.9664 -3.3216 0.3189, 2.9477 -3.3403 0.3189, 2.9253 -3.3544 0.3189, 2.9921 3.2481 0.3189, 2.9921 -3.248 0.3189, -2.9477 -3.3403 0.3189, -2.9664 -3.3216 0.3189, -2.9804 -3.2992 0.3189, -2.763 3.3463 0.3189, -2.7426 3.3572 0.3189, 2.9003 3.3632 0.3189, 2.9253 3.3545 0.3189, 2.9477 3.3404 0.3189, 2.9664 3.3217 0.3189, 2.9804 3.2993 0.3189, 2.9892 3.2744 0.3189, 2.9003 -3.3631 0.3189, 2.874 -3.3661 0.3189, -2.874 -3.3661 0.3189, -2.9899 3.0945 0.3189, -2.9831 3.1167 0.3189, -2.7205 3.3639 0.3189, -2.6974 3.3662 0.3189, 2.874 3.3662 0.3189, -2.9892 -3.2743 0.3189, -2.9921 -3.248 0.3189, -2.9921 3.0715 0.3189, -2.9722 3.1371 0.3189, -2.9575 3.155 0.3189, -2.7809 3.3316 0.3189
            ]
        }
        coordIndex [
            0,1,2,-1,3,4,5,-1,6,7,8,-1,9,10,6,-1,6,10,11,-1,12,13,14,-1,15,16,11,-1,11,16,17,-1,11,17,6,-1,6,17,3,-1,6,3,7,-1,7,3,5,-1,18,19,20,-1,21,22,8,-1,8,22,23,-1,8,23,6,-1,6,23,24,-1,25,26,27,-1,27,26,28,-1,29,30,24,-1,24,30,31,-1,24,31,6,-1,6,31,32,-1,33,34,32,-1,32,34,35,-1,32,35,6,-1,6,35,36,-1,37,38,36,-1,36,38,39,-1,36,39,6,-1,6,39,40,-1,41,42,40,-1,40,42,43,-1,40,43,6,-1,6,43,44,-1,45,46,44,-1,44,46,47,-1,44,47,6,-1,6,47,48,-1,49,50,48,-1,48,50,51,-1,48,51,6,-1,6,51,52,-1,53,54,52,-1,52,54,55,-1,52,55,6,-1,6,55,18,-1,6,18,56,-1,56,18,20,-1,14,0,12,-1,12,0,2,-1,12,2,28,-1,28,2,6,-1,28,6,27,-1,27,6,56,-1,57,58,59,-1,59,58,60,-1,61,59,2,-1,2,59,60,-1,2,60,62,-1,62,60,63,-1,62,63,64,-1,65,66,67,-1,2,1,68,-1,69,70,68,-1,68,70,71,-1,68,71,2,-1,2,71,72,-1,73,74,72,-1,72,74,75,-1,72,75,2,-1,2,75,76,-1,77,78,76,-1,76,78,79,-1,76,79,2,-1,2,79,80,-1,2,80,81,-1,82,83,81,-1,81,83,84,-1,81,84,2,-1,2,84,85,-1,2,85,86,-1,87,88,86,-1,86,88,89,-1,86,89,2,-1,2,89,90,-1,2,90,91,-1,92,93,91,-1,91,93,94,-1,91,94,2,-1,2,94,95,-1,2,95,96,-1,97,98,96,-1,96,98,99,-1,96,99,2,-1,2,99,100,-1,101,102,100,-1,100,102,103,-1,100,103,2,-1,2,103,104,-1,105,106,104,-1,104,106,107,-1,104,107,2,-1,2,107,65,-1,2,65,61,-1,61,65,67,-1,108,109,110,-1,110,109,111,-1,111,112,113,-1,114,115,113,-1,113,115,116,-1,113,116,111,-1,111,116,117,-1,118,119,120,-1,121,122,117,-1,117,122,123,-1,117,123,111,-1,111,123,124,-1,125,126,124,-1,124,126,127,-1,124,127,111,-1,111,127,128,-1,129,130,128,-1,128,130,131,-1,128,131,111,-1,111,131,132,-1,111,132,133,-1,134,135,133,-1,133,135,136,-1,133,136,111,-1,111,136,137,-1,138,139,137,-1,137,139,140,-1,137,140,111,-1,111,140,141,-1,111,141,142,-1,143,144,142,-1,142,144,145,-1,142,145,111,-1,111,145,146,-1,111,146,147,-1,148,149,147,-1,147,149,150,-1,147,150,111,-1,111,150,151,-1,152,153,151,-1,151,153,154,-1,151,154,111,-1,111,154,155,-1,156,157,155,-1,155,157,158,-1,155,158,111,-1,111,158,159,-1,160,161,159,-1,159,161,162,-1,159,162,111,-1,111,162,163,-1,120,110,118,-1,118,110,111,-1,118,111,164,-1,164,111,163,-1,164,163,165,-1,165,163,166,-1,167,9,6,-1,109,168,169,-1,170,171,169,-1,169,171,167,-1,169,167,109,-1,109,167,6,-1,108,172,109,-1,109,172,173,-1,174,175,173,-1,173,175,176,-1,173,176,109,-1,109,176,177,-1,178,179,180,-1,181,182,177,-1,177,182,183,-1,177,183,109,-1,109,183,184,-1,185,186,184,-1,184,186,187,-1,184,187,109,-1,109,187,188,-1,189,190,188,-1,188,190,191,-1,188,191,109,-1,109,191,192,-1,193,194,192,-1,192,194,195,-1,192,195,109,-1,109,195,196,-1,109,196,197,-1,198,199,197,-1,197,199,200,-1,197,200,109,-1,109,200,201,-1,109,201,202,-1,203,204,202,-1,202,204,205,-1,202,205,109,-1,109,205,206,-1,109,206,207,-1,208,209,210,-1,210,209,211,-1,210,211,109,-1,109,211,178,-1,109,178,168,-1,168,178,180,-1,212,213,207,-1,207,213,214,-1,207,214,109,-1,109,214,215,-1,109,215,210,-1,216,217,6,-1,218,219,109,-1,217,220,6,-1,6,220,221,-1,6,221,222,-1,2,223,6,-1,6,223,224,-1,6,224,216,-1,219,225,109,-1,109,225,226,-1,109,226,227,-1,228,229,62,-1,230,231,2,-1,2,231,232,-1,2,232,233,-1,233,234,2,-1,2,234,235,-1,2,235,223,-1,222,236,6,-1,6,236,237,-1,6,237,109,-1,109,237,238,-1,109,238,218,-1,239,240,111,-1,229,241,62,-1,62,241,242,-1,62,242,2,-1,2,242,243,-1,2,243,230,-1,227,244,109,-1,109,244,245,-1,109,245,111,-1,111,245,246,-1,111,246,239,-1,240,247,111,-1,111,247,248,-1,111,248,62,-1,62,248,249,-1,62,249,228,-1,64,112,62,-1,62,112,111,-1,
        ]
    }
}
Shape{
    appearance Appearance {
        material  Material 	{
            diffuseColor 0.6666666666666666 0.6980392156862745 0.7686274509803922
            specularColor 0.3333333333333333 0.34901960784313724 0.3843137254901961
            ambientIntensity 0.6967
            transparency 0.0
            shininess 0.5
        }
    }
    geometry IndexedFaceSet {
        ccw TRUE
        solid FALSE
        coord DEF co Coordinate {
            point [
                2.874 -3.3661 0.5945, 2.874 -3.3661 0.3189, 2.9003 -3.3631 0.3189, 2.9003 -3.3631 0.5945, 2.9253 -3.3544 0.3189, 2.9253 -3.3544 0.5945, 2.9477 -3.3403 0.3189, 2.9477 -3.3403 0.5945, 2.9664 -3.3216 0.3189, 2.9664 -3.3216 0.5945, 2.9804 -3.2992 0.3189, 2.9804 -3.2992 0.5945, 2.9892 -3.2743 0.3189, 2.9892 -3.2743 0.5945, 2.9921 -3.248 0.3189, 2.9921 -3.248 0.5945, 2.9921 3.2481 0.5945, 2.9921 3.2481 0.3189, 2.9892 3.2744 0.3189, 2.9892 3.2744 0.5945, 2.9804 3.2993 0.3189, 2.9804 3.2993 0.5945, 2.9664 3.3217 0.3189, 2.9664 3.3217 0.5945, 2.9477 3.3404 0.3189, 2.9477 3.3404 0.5945, 2.9253 3.3545 0.3189, 2.9253 3.3545 0.5945, 2.9003 3.3632 0.3189, 2.9003 3.3632 0.5945, 2.874 3.3662 0.3189, 2.874 3.3662 0.5945, -2.6974 3.3662 0.5945, -2.6974 3.3662 0.3189, -2.7205 3.3639 0.3189, -2.7204 3.3632 0.5945, -2.728 3.3622 0.5945, -2.7426 3.3572 0.3189, -2.7422 3.3563 0.5945, -2.7565 3.3504 0.5945, -2.763 3.3463 0.3189, -2.7626 3.3457 0.5945, -2.7809 3.3316 0.3189, -2.7809 3.3316 0.5945, -2.9575 3.155 0.5945, -2.9575 3.155 0.3189, -2.9722 3.1371 0.3189, -2.9722 3.1371 0.5945, -2.9831 3.1167 0.3189, -2.9831 3.1167 0.5945, -2.9899 3.0945 0.3189, -2.9899 3.0945 0.5945, -2.9921 3.0715 0.3189, -2.9921 3.0715 0.5945, -2.9921 -3.248 0.5945, -2.9921 -3.248 0.3189, -2.9892 -3.2743 0.3189, -2.9892 -3.2743 0.5945, -2.9804 -3.2992 0.3189, -2.9804 -3.2992 0.5945, -2.9664 -3.3216 0.3189, -2.9664 -3.3216 0.5945, -2.9477 -3.3403 0.3189, -2.9477 -3.3403 0.5945, -2.9253 -3.3544 0.3189, -2.9253 -3.3544 0.5945, -2.9003 -3.3631 0.3189, -2.9003 -3.3631 0.5945, -2.874 -3.3661 0.3189, -2.874 -3.3661 0.5945, -2.727 3.3583 0.6251, -2.7545 3.3469 0.6251, -2.7781 3.3288 0.6251, -2.7486 3.3367 0.6535, -2.7698 3.3204 0.6535, -2.7392 3.3204 0.678, -2.7565 3.3071 0.678, -2.727 3.2992 0.6968, -2.7392 3.2898 0.6968, -2.7127 3.2746 0.7086, -2.719 3.2697 0.7086, -2.6974 3.2481 0.7126, -2.7239 3.3469 0.6535, -2.719 3.3288 0.678, -2.7127 3.3051 0.6968, -2.7053 3.2776 0.7086, -2.6974 3.3622 0.6251, -2.6974 3.3504 0.6535, -2.6974 3.3316 0.678, -2.6974 3.3071 0.6968, -2.6974 3.2787 0.7086, -2.874 3.0715 0.7126, -2.8956 3.0931 0.7086, -2.9158 3.1133 0.6968, -2.9331 3.1306 0.678, -2.9463 3.1438 0.6535, -2.9547 3.1522 0.6251, 2.874 3.2481 0.7126, 2.874 3.2787 0.7086, 2.874 3.3071 0.6968, 2.874 3.3316 0.678, 2.874 3.3504 0.6535, 2.874 3.3622 0.6251, -2.9331 3.0715 0.6968, -2.9046 3.0715 0.7086, -2.904 3.0775 0.7086, -2.9859 3.0938 0.6251, -2.9881 3.0715 0.6251, -2.9743 3.0915 0.6535, -2.9763 3.0715 0.6535, -2.9559 3.0878 0.678, -2.9575 3.0715 0.678, -2.9319 3.083 0.6968, -2.9794 3.1152 0.6251, -2.9685 3.1106 0.6535, -2.9512 3.1035 0.678, -2.9286 3.0941 0.6968, -2.9023 3.0832 0.7086, -2.8994 3.0885 0.7086, -2.9231 3.1043 0.6968, -2.9435 3.1179 0.678, -2.9591 3.1283 0.6535, -2.9689 3.1349 0.6251, 2.9108 3.2943 0.6968, 2.8931 3.272 0.7086, 2.8979 3.2671 0.7086, 2.9038 3.2549 0.7086, 2.9016 3.2613 0.7086, 2.9046 3.2481 0.7086, 2.8873 3.2756 0.7086, 2.8996 3.3013 0.6968, 2.9103 3.3233 0.678, 2.8808 3.2779 0.7086, 2.9202 3.2849 0.6968, 2.9272 3.2737 0.6968, 2.9316 3.2612 0.6968, 2.9331 3.2481 0.6968, 2.8872 3.3057 0.6968, 2.8926 3.3295 0.678, 2.8968 3.3478 0.6535, 2.9261 3.3134 0.678, 2.9393 3.3002 0.678, 2.9493 3.2843 0.678, 2.9554 3.2667 0.678, 2.9575 3.2481 0.678, 2.9184 3.3402 0.6535, 2.9378 3.3281 0.6535, 2.954 3.3119 0.6535, 2.9662 3.2925 0.6535, 2.9737 3.2708 0.6535, 2.9763 3.2481 0.6535, 2.8994 3.3593 0.6251, 2.9235 3.3509 0.6251, 2.9451 3.3373 0.6251, 2.9632 3.3192 0.6251, 2.9768 3.2976 0.6251, 2.9852 3.2735 0.6251, 2.9881 3.2481 0.6251, -2.874 -3.248 0.7126, -2.9046 -3.248 0.7086, -2.9331 -3.248 0.6968, -2.9575 -3.248 0.678, -2.9763 -3.248 0.6535, -2.9881 -3.248 0.6251, 2.874 -3.248 0.7126, 2.9046 -3.248 0.7086, 2.9331 -3.248 0.6968, 2.9575 -3.248 0.678, 2.9763 -3.248 0.6535, 2.9881 -3.248 0.6251, -2.9108 -3.2942 0.6968, -2.8931 -3.2719 0.7086, -2.8979 -3.267 0.7086, -2.9038 -3.2548 0.7086, -2.9016 -3.2612 0.7086, -2.8873 -3.2755 0.7086, -2.8996 -3.3012 0.6968, -2.9103 -3.3232 0.678, -2.8808 -3.2778 0.7086, -2.9202 -3.2848 0.6968, -2.9272 -3.2736 0.6968, -2.9316 -3.2611 0.6968, -2.8872 -3.3056 0.6968, -2.8926 -3.3294 0.678, -2.8968 -3.3477 0.6535, -2.874 -3.2786 0.7086, -2.9261 -3.3133 0.678, -2.9393 -3.3001 0.678, -2.9493 -3.2842 0.678, -2.9554 -3.2666 0.678, -2.874 -3.307 0.6968, -2.874 -3.3315 0.678, -2.874 -3.3503 0.6535, -2.874 -3.3621 0.6251, -2.9184 -3.3401 0.6535, -2.9378 -3.328 0.6535, -2.954 -3.3118 0.6535, -2.9662 -3.2924 0.6535, -2.9737 -3.2707 0.6535, -2.8994 -3.3592 0.6251, -2.9235 -3.3508 0.6251, -2.9451 -3.3372 0.6251, -2.9632 -3.3191 0.6251, -2.9768 -3.2975 0.6251, -2.9852 -3.2734 0.6251, 2.9202 -3.2848 0.6968, 2.8979 -3.267 0.7086, 2.8931 -3.2719 0.7086, 2.8808 -3.2778 0.7086, 2.8873 -3.2755 0.7086, 2.874 -3.2786 0.7086, 2.9016 -3.2612 0.7086, 2.9272 -3.2736 0.6968, 2.9493 -3.2842 0.678, 2.9038 -3.2548 0.7086, 2.9108 -3.2942 0.6968, 2.8996 -3.3012 0.6968, 2.8872 -3.3056 0.6968, 2.874 -3.307 0.6968, 2.9316 -3.2611 0.6968, 2.9554 -3.2666 0.678, 2.9737 -3.2707 0.6535, 2.9393 -3.3001 0.678, 2.9261 -3.3133 0.678, 2.9103 -3.3232 0.678, 2.8926 -3.3294 0.678, 2.874 -3.3315 0.678, 2.9662 -3.2924 0.6535, 2.954 -3.3118 0.6535, 2.9378 -3.328 0.6535, 2.9184 -3.3401 0.6535, 2.8968 -3.3477 0.6535, 2.874 -3.3503 0.6535, 2.9852 -3.2734 0.6251, 2.9768 -3.2975 0.6251, 2.9632 -3.3191 0.6251, 2.9451 -3.3372 0.6251, 2.9235 -3.3508 0.6251, 2.8994 -3.3592 0.6251, 2.874 -3.3621 0.6251
            ]
        }
        coordIndex [
            0,1,2,-1,0,2,3,-1,3,2,4,-1,3,4,5,-1,5,4,6,-1,5,6,7,-1,7,6,8,-1,7,8,9,-1,9,8,10,-1,9,10,11,-1,11,10,12,-1,11,12,13,-1,13,12,14,-1,13,14,15,-1,15,14,16,-1,16,14,17,-1,16,17,18,-1,16,18,19,-1,19,18,20,-1,19,20,21,-1,21,20,22,-1,21,22,23,-1,23,22,24,-1,23,24,25,-1,25,24,26,-1,25,26,27,-1,27,26,28,-1,27,28,29,-1,29,28,30,-1,29,30,31,-1,31,30,32,-1,32,30,33,-1,33,34,32,-1,32,34,35,-1,35,34,36,-1,36,34,37,-1,36,37,38,-1,38,37,39,-1,39,37,40,-1,39,40,41,-1,41,40,42,-1,41,42,43,-1,43,42,44,-1,44,42,45,-1,44,45,46,-1,44,46,47,-1,47,46,48,-1,47,48,49,-1,49,48,50,-1,49,50,51,-1,51,50,52,-1,51,52,53,-1,53,52,54,-1,54,52,55,-1,54,55,56,-1,54,56,57,-1,57,56,58,-1,57,58,59,-1,59,58,60,-1,59,60,61,-1,61,60,62,-1,61,62,63,-1,63,62,64,-1,63,64,65,-1,65,64,66,-1,65,66,67,-1,67,66,68,-1,67,68,69,-1,69,68,0,-1,0,68,1,-1,35,36,70,-1,38,39,71,-1,41,43,72,-1,39,41,71,-1,71,41,72,-1,71,72,73,-1,73,72,74,-1,73,74,75,-1,75,74,76,-1,75,76,77,-1,77,76,78,-1,77,78,79,-1,79,78,80,-1,79,80,81,-1,36,38,70,-1,70,38,71,-1,70,71,82,-1,82,71,73,-1,82,73,83,-1,83,73,75,-1,83,75,84,-1,84,75,77,-1,84,77,85,-1,85,77,79,-1,85,79,81,-1,32,35,86,-1,86,35,70,-1,86,70,87,-1,87,70,82,-1,87,82,88,-1,88,82,83,-1,88,83,89,-1,89,83,84,-1,89,84,90,-1,90,84,85,-1,90,85,81,-1,91,81,80,-1,91,80,92,-1,92,80,78,-1,92,78,93,-1,93,78,76,-1,93,76,94,-1,94,76,74,-1,94,74,95,-1,95,74,72,-1,95,72,96,-1,96,72,43,-1,96,43,44,-1,81,97,98,-1,81,98,90,-1,90,98,99,-1,90,99,89,-1,89,99,100,-1,89,100,88,-1,88,100,101,-1,88,101,87,-1,87,101,102,-1,87,102,86,-1,86,102,31,-1,86,31,32,-1,103,104,105,-1,105,104,91,-1,51,53,106,-1,106,53,107,-1,106,107,108,-1,108,107,109,-1,108,109,110,-1,110,109,111,-1,110,111,112,-1,49,51,113,-1,113,51,106,-1,113,106,114,-1,114,106,108,-1,114,108,115,-1,115,108,110,-1,115,110,116,-1,116,110,112,-1,116,112,117,-1,117,118,116,-1,116,118,119,-1,116,119,115,-1,115,119,120,-1,115,120,114,-1,114,120,121,-1,114,121,113,-1,113,121,122,-1,113,122,49,-1,49,122,47,-1,44,47,96,-1,96,47,122,-1,96,122,95,-1,95,122,121,-1,95,121,94,-1,94,121,120,-1,94,120,93,-1,93,120,119,-1,93,119,92,-1,92,119,118,-1,92,118,91,-1,117,91,118,-1,111,103,112,-1,112,103,105,-1,112,105,117,-1,117,105,91,-1,123,124,125,-1,97,126,127,-1,128,126,97,-1,125,124,97,-1,129,97,124,-1,129,124,130,-1,130,124,123,-1,130,123,131,-1,132,97,129,-1,133,127,134,-1,134,127,126,-1,134,126,135,-1,135,126,128,-1,135,128,136,-1,132,129,137,-1,137,129,130,-1,137,130,138,-1,138,130,131,-1,138,131,139,-1,98,97,132,-1,140,133,141,-1,141,133,134,-1,141,134,142,-1,142,134,135,-1,142,135,143,-1,143,135,136,-1,143,136,144,-1,98,132,99,-1,99,132,137,-1,99,137,100,-1,100,137,138,-1,100,138,101,-1,101,138,139,-1,101,139,102,-1,145,140,146,-1,146,140,141,-1,146,141,147,-1,147,141,142,-1,147,142,148,-1,148,142,143,-1,148,143,149,-1,149,143,144,-1,149,144,150,-1,151,145,152,-1,152,145,146,-1,152,146,153,-1,153,146,147,-1,153,147,154,-1,154,147,148,-1,154,148,155,-1,155,148,149,-1,155,149,156,-1,156,149,150,-1,156,150,157,-1,31,151,29,-1,29,151,152,-1,29,152,27,-1,27,152,153,-1,27,153,25,-1,25,153,154,-1,25,154,23,-1,23,154,155,-1,23,155,21,-1,21,155,156,-1,21,156,19,-1,19,156,157,-1,19,157,16,-1,31,102,151,-1,151,102,139,-1,151,139,145,-1,145,139,131,-1,145,131,140,-1,140,131,123,-1,140,123,133,-1,133,123,125,-1,133,125,127,-1,127,125,97,-1,158,91,104,-1,158,104,159,-1,159,104,103,-1,159,103,160,-1,160,103,111,-1,160,111,161,-1,161,111,109,-1,161,109,162,-1,162,109,107,-1,162,107,163,-1,163,107,53,-1,163,53,54,-1,97,164,165,-1,97,165,128,-1,128,165,166,-1,128,166,136,-1,136,166,167,-1,136,167,144,-1,144,167,168,-1,144,168,150,-1,150,168,169,-1,150,169,157,-1,157,169,15,-1,157,15,16,-1,170,171,172,-1,158,173,174,-1,159,173,158,-1,172,171,158,-1,175,158,171,-1,175,171,176,-1,176,171,170,-1,176,170,177,-1,178,158,175,-1,179,174,180,-1,180,174,173,-1,180,173,181,-1,181,173,159,-1,181,159,160,-1,178,175,182,-1,182,175,176,-1,182,176,183,-1,183,176,177,-1,183,177,184,-1,185,158,178,-1,186,179,187,-1,187,179,180,-1,187,180,188,-1,188,180,181,-1,188,181,189,-1,189,181,160,-1,189,160,161,-1,185,178,190,-1,190,178,182,-1,190,182,191,-1,191,182,183,-1,191,183,192,-1,192,183,184,-1,192,184,193,-1,194,186,195,-1,195,186,187,-1,195,187,196,-1,196,187,188,-1,196,188,197,-1,197,188,189,-1,197,189,198,-1,198,189,161,-1,198,161,162,-1,199,194,200,-1,200,194,195,-1,200,195,201,-1,201,195,196,-1,201,196,202,-1,202,196,197,-1,202,197,203,-1,203,197,198,-1,203,198,204,-1,204,198,162,-1,204,162,163,-1,69,199,67,-1,67,199,200,-1,67,200,65,-1,65,200,201,-1,65,201,63,-1,63,201,202,-1,63,202,61,-1,61,202,203,-1,61,203,59,-1,59,203,204,-1,59,204,57,-1,57,204,163,-1,57,163,54,-1,69,193,199,-1,199,193,184,-1,199,184,194,-1,194,184,177,-1,194,177,186,-1,186,177,170,-1,186,170,179,-1,179,170,172,-1,179,172,174,-1,174,172,158,-1,205,206,207,-1,164,208,209,-1,210,208,164,-1,207,206,164,-1,211,164,206,-1,211,206,212,-1,212,206,205,-1,212,205,213,-1,214,164,211,-1,215,209,216,-1,216,209,208,-1,216,208,217,-1,217,208,210,-1,217,210,218,-1,214,211,219,-1,219,211,212,-1,219,212,220,-1,220,212,213,-1,220,213,221,-1,165,164,214,-1,222,215,223,-1,223,215,216,-1,223,216,224,-1,224,216,217,-1,224,217,225,-1,225,217,218,-1,225,218,226,-1,165,214,166,-1,166,214,219,-1,166,219,167,-1,167,219,220,-1,167,220,168,-1,168,220,221,-1,168,221,169,-1,227,222,228,-1,228,222,223,-1,228,223,229,-1,229,223,224,-1,229,224,230,-1,230,224,225,-1,230,225,231,-1,231,225,226,-1,231,226,232,-1,233,227,234,-1,234,227,228,-1,234,228,235,-1,235,228,229,-1,235,229,236,-1,236,229,230,-1,236,230,237,-1,237,230,231,-1,237,231,238,-1,238,231,232,-1,238,232,239,-1,15,233,13,-1,13,233,234,-1,13,234,11,-1,11,234,235,-1,11,235,9,-1,9,235,236,-1,9,236,7,-1,7,236,237,-1,7,237,5,-1,5,237,238,-1,5,238,3,-1,3,238,239,-1,3,239,0,-1,15,169,233,-1,233,169,221,-1,233,221,227,-1,227,221,213,-1,227,213,222,-1,222,213,205,-1,222,205,215,-1,215,205,207,-1,215,207,209,-1,209,207,164,-1,164,158,185,-1,164,185,210,-1,210,185,190,-1,210,190,218,-1,218,190,191,-1,218,191,226,-1,226,191,192,-1,226,192,232,-1,232,192,193,-1,232,193,239,-1,239,193,69,-1,239,69,0,-1,
        ]
    }
}
Shape{
    appearance Appearance {
        material  Material 	{
            diffuseColor 0.9686274509803922 0.8784313725490196 0.6
            specularColor 0.6784313725490196 0.615686274509804 0.4196078431372549
            ambientIntensity 0.8737
            transparency 0.0
            shininess 0.5
        }
    }
    geometry IndexedFaceSet {
        ccw TRUE
        solid FALSE
        coord DEF co Coordinate {
            point [
                2.0472 3.4843 0.0, 2.0472 2.9725 0.0, 2.0472 3.4843 0.0039, 2.0472 2.9725 0.0039, 2.2835 2.9725 0.0, 2.2835 3.4843 0.0, 2.2835 2.9725 0.0039, 2.2835 3.4843 0.0039, 1.6142 3.4843 0.0, 1.6142 2.9725 0.0, 1.6142 3.4843 0.0039, 1.6142 2.9725 0.0039, 1.8504 2.9725 0.0, 1.8504 3.4843 0.0, 1.8504 2.9725 0.0039, 1.8504 3.4843 0.0039, 1.1811 3.4843 0.0, 1.1811 2.9725 0.0, 1.1811 3.4843 0.0039, 1.1811 2.9725 0.0039, 1.4173 2.9725 0.0, 1.4173 3.4843 0.0, 1.4173 2.9725 0.0039, 1.4173 3.4843 0.0039, 0.748 3.4843 0.0, 0.748 2.9725 0.0, 0.748 3.4843 0.0039, 0.748 2.9725 0.0039, 0.9843 2.9725 0.0, 0.9843 3.4843 0.0, 0.9843 2.9725 0.0039, 0.9843 3.4843 0.0039, 0.315 3.4843 0.0, 0.315 2.9725 0.0, 0.315 3.4843 0.0039, 0.315 2.9725 0.0039, 0.5512 2.9725 0.0, 0.5512 3.4843 0.0, 0.5512 2.9725 0.0039, 0.5512 3.4843 0.0039, -0.1181 3.4843 0.0, -0.1181 2.9725 0.0, -0.1181 3.4843 0.0039, -0.1181 2.9725 0.0039, 0.1181 2.9725 0.0, 0.1181 3.4843 0.0, 0.1181 2.9725 0.0039, 0.1181 3.4843 0.0039, -0.5512 3.4843 0.0, -0.5512 2.9725 0.0, -0.5512 3.4843 0.0039, -0.5512 2.9725 0.0039, -0.315 2.9725 0.0, -0.315 3.4843 0.0, -0.315 2.9725 0.0039, -0.315 3.4843 0.0039, -0.9843 3.4843 0.0, -0.9843 2.9725 0.0, -0.9843 3.4843 0.0039, -0.9843 2.9725 0.0039, -0.748 2.9725 0.0, -0.748 3.4843 0.0, -0.748 2.9725 0.0039, -0.748 3.4843 0.0039, -1.4173 3.4843 0.0, -1.4173 2.9725 0.0, -1.4173 3.4843 0.0039, -1.4173 2.9725 0.0039, -1.1811 2.9725 0.0, -1.1811 3.4843 0.0, -1.1811 2.9725 0.0039, -1.1811 3.4843 0.0039, -1.2205 2.9725 0.0039, -1.8504 3.4843 0.0, -1.8504 2.9725 0.0, -1.8504 3.4843 0.0039, -1.8504 2.9725 0.0039, -1.6142 2.9725 0.0, -1.6142 3.4843 0.0, -1.6142 2.9725 0.0039, -1.6142 3.4843 0.0039, -2.2835 3.4843 0.0, -2.2835 2.9725 0.0, -2.2835 3.4843 0.0039, -2.2835 2.9725 0.0039, -2.0472 2.9725 0.0, -2.0472 3.4843 0.0, -2.0472 2.9725 0.0039, -2.0472 3.4843 0.0039, 1.2402 2.5394 0.0, 1.2402 2.1457 0.0, 1.2402 2.5394 0.0039, 1.2402 2.1457 0.0039, 1.5157 2.5394 0.0, 1.5157 2.5394 0.0039, 1.5157 2.1457 0.0, 1.5157 2.1457 0.0039, 0.7677 2.5394 0.0, 0.7677 2.1457 0.0, 0.7677 2.5394 0.0039, 0.7677 2.1457 0.0039, 1.0433 2.5394 0.0, 1.0433 2.5394 0.0039, 1.0433 2.1457 0.0, 1.0433 2.1457 0.0039, 2.0472 -2.9724 0.0039, 2.0472 -2.9724 0.0, 2.0472 -3.0118 0.0039, 2.0472 -3.4842 0.0, 2.0472 -3.4842 0.0039, 2.2835 -2.9724 0.0, 2.2835 -2.9724 0.0039, 2.2835 -3.4842 0.0039, 2.2835 -3.4842 0.0, 2.2835 -3.0118 0.0039, 1.6142 -2.9724 0.0039, 1.6142 -2.9724 0.0, 1.6142 -3.0118 0.0039, 1.6142 -3.4842 0.0, 1.6142 -3.4842 0.0039, 1.8504 -2.9724 0.0, 1.8504 -2.9724 0.0039, 1.8504 -3.4842 0.0039, 1.8504 -3.4842 0.0, 1.8504 -3.0118 0.0039, 1.1811 -2.9724 0.0039, 1.1811 -2.9724 0.0, 1.1811 -3.0118 0.0039, 1.1811 -3.4842 0.0, 1.1811 -3.4842 0.0039, 1.4173 -2.9724 0.0, 1.4173 -2.9724 0.0039, 1.4173 -3.4842 0.0039, 1.4173 -3.4842 0.0, 1.4173 -3.0118 0.0039, 0.748 -2.9724 0.0039, 0.748 -2.9724 0.0, 0.748 -3.0118 0.0039, 0.748 -3.4842 0.0, 0.748 -3.4842 0.0039, 0.9843 -2.9724 0.0, 0.9843 -2.9724 0.0039, 0.9843 -3.4842 0.0039, 0.9843 -3.4842 0.0, 0.9843 -3.0118 0.0039, 0.315 -2.9724 0.0039, 0.315 -2.9724 0.0, 0.315 -3.0118 0.0039, 0.315 -3.4842 0.0, 0.315 -3.4842 0.0039, 0.5512 -2.9724 0.0, 0.5512 -2.9724 0.0039, 0.5512 -3.4842 0.0039, 0.5512 -3.4842 0.0, 0.5512 -3.0118 0.0039, -0.1181 -2.9724 0.0039, -0.1181 -2.9724 0.0, -0.1181 -3.0118 0.0039, -0.1181 -3.4842 0.0, -0.1181 -3.4842 0.0039, 0.1181 -2.9724 0.0, 0.1181 -2.9724 0.0039, 0.1181 -3.4842 0.0039, 0.1181 -3.4842 0.0, 0.1181 -3.0118 0.0039, -0.5512 -2.9724 0.0039, -0.5512 -2.9724 0.0, -0.5512 -3.0118 0.0039, -0.5512 -3.4842 0.0, -0.5512 -3.4842 0.0039, -0.315 -2.9724 0.0, -0.315 -2.9724 0.0039, -0.315 -3.4842 0.0039, -0.315 -3.4842 0.0, -0.315 -3.0118 0.0039, -0.9843 -2.9724 0.0039, -0.9843 -2.9724 0.0, -0.9843 -3.0118 0.0039, -0.9843 -3.4842 0.0, -0.9843 -3.4842 0.0039, -0.748 -2.9724 0.0, -0.748 -2.9724 0.0039, -0.748 -3.4842 0.0039, -0.748 -3.4842 0.0, -0.748 -3.0118 0.0039, -1.4173 -2.9724 0.0039, -1.4173 -2.9724 0.0, -1.4173 -3.0118 0.0039, -1.4173 -3.4842 0.0, -1.4173 -3.4842 0.0039, -1.1811 -2.9724 0.0039, -1.1811 -2.9724 0.0, -1.2205 -2.9724 0.0039, -1.1811 -3.4842 0.0039, -1.1811 -3.4842 0.0, -1.1811 -3.0118 0.0039, -1.8504 -2.9724 0.0039, -1.8504 -2.9724 0.0, -1.8504 -3.0118 0.0039, -1.8504 -3.4842 0.0, -1.8504 -3.4842 0.0039, -1.6142 -2.9724 0.0, -1.6142 -2.9724 0.0039, -1.6142 -3.4842 0.0039, -1.6142 -3.4842 0.0, -1.6142 -3.0118 0.0039, -2.2835 -2.9724 0.0039, -2.2835 -2.9724 0.0, -2.2835 -3.0118 0.0039, -2.2835 -3.4842 0.0, -2.2835 -3.4842 0.0039, -2.0472 -2.9724 0.0, -2.0472 -2.9724 0.0039, -2.0472 -3.4842 0.0039, -2.0472 -3.4842 0.0, -2.0472 -3.0118 0.0039, 1.2402 -2.1456 0.0, 1.2402 -2.5393 0.0, 1.2402 -2.1456 0.0039, 1.2402 -2.5393 0.0039, 1.5157 -2.1456 0.0, 1.5157 -2.1456 0.0039, 1.5157 -2.5393 0.0, 1.5157 -2.5393 0.0039, 0.7677 -2.1456 0.0, 0.7677 -2.5393 0.0, 0.7677 -2.1456 0.0039, 0.7677 -2.5393 0.0039, 1.0433 -2.1456 0.0, 1.0433 -2.1456 0.0039, 1.0433 -2.5393 0.0, 1.0433 -2.5393 0.0039, 0.2953 -2.1456 0.0, 0.2953 -2.5393 0.0, 0.2953 -2.1456 0.0039, 0.2953 -2.5393 0.0039, 0.5709 -2.1456 0.0, 0.5709 -2.1456 0.0039, 0.5709 -2.5393 0.0, 0.5709 -2.5393 0.0039, -0.1772 -2.1456 0.0, -0.1772 -2.5393 0.0, -0.1772 -2.1456 0.0039, -0.1772 -2.5393 0.0039, 0.0984 -2.1456 0.0, 0.0984 -2.1456 0.0039, 0.0984 -2.5393 0.0, 0.0984 -2.5393 0.0039, -0.6496 -2.1456 0.0, -0.6496 -2.5393 0.0, -0.6496 -2.1456 0.0039, -0.6496 -2.5393 0.0039, -0.374 -2.1456 0.0, -0.374 -2.1456 0.0039, -0.374 -2.5393 0.0, -0.374 -2.5393 0.0039, -1.122 -2.1456 0.0, -1.122 -2.5393 0.0, -1.122 -2.1456 0.0039, -1.122 -2.5393 0.0039, -0.8465 -2.1456 0.0, -0.8465 -2.1456 0.0039, -0.8465 -2.5393 0.0, -0.8465 -2.5393 0.0039, -1.5945 -2.1456 0.0, -1.5945 -2.5393 0.0, -1.5945 -2.1456 0.0039, -1.5945 -2.5393 0.0039, -1.3189 -2.1456 0.0, -1.3189 -2.1456 0.0039, -1.3189 -2.5393 0.0, -1.3189 -2.5393 0.0039, 2.5984 2.4804 0.0, 3.1102 2.4804 0.0, 2.5984 2.4804 0.0039, 3.1102 2.4804 0.0039, 2.5984 2.7166 0.0, 2.5984 2.7166 0.0039, 3.1102 2.7166 0.0, 3.1102 2.7166 0.0039, 2.5984 2.0473 0.0, 3.1102 2.0473 0.0, 2.5984 2.0473 0.0039, 3.1102 2.0473 0.0039, 2.5984 2.2835 0.0, 2.5984 2.2835 0.0039, 3.1102 2.2835 0.0, 3.1102 2.2835 0.0039, 2.5984 1.6142 0.0, 3.1102 1.6142 0.0, 2.5984 1.6142 0.0039, 3.1102 1.6142 0.0039, 2.5984 1.8504 0.0, 2.5984 1.8504 0.0039, 3.1102 1.8504 0.0, 3.1102 1.8504 0.0039, 2.5984 1.1812 0.0, 3.1102 1.1812 0.0, 2.5984 1.1812 0.0039, 3.1102 1.1812 0.0039, 2.5984 1.4174 0.0, 2.5984 1.4174 0.0039, 3.1102 1.4174 0.0, 3.1102 1.4174 0.0039, 2.5984 0.7481 0.0, 3.1102 0.7481 0.0, 2.5984 0.7481 0.0039, 3.1102 0.7481 0.0039, 2.5984 0.9843 0.0, 2.5984 0.9843 0.0039, 3.1102 0.9843 0.0, 3.1102 0.9843 0.0039, 2.5984 0.315 0.0, 3.1102 0.315 0.0, 2.5984 0.315 0.0039, 3.1102 0.315 0.0039, 2.5984 0.5512 0.0, 2.5984 0.5512 0.0039, 3.1102 0.5512 0.0, 3.1102 0.5512 0.0039, 2.5984 -0.1181 0.0, 3.1102 -0.1181 0.0, 2.5984 -0.1181 0.0039, 3.1102 -0.1181 0.0039, 2.5984 0.1182 0.0039, 2.5984 0.1182 0.0, 2.5984 0.0001 0.0039, 3.1102 0.1182 0.0, 3.1102 0.1182 0.0039, 2.5984 -0.5511 0.0, 3.1102 -0.5511 0.0, 2.5984 -0.5511 0.0039, 3.1102 -0.5511 0.0039, 2.5984 -0.3149 0.0, 2.5984 -0.3149 0.0039, 3.1102 -0.3149 0.0, 3.1102 -0.3149 0.0039, 2.5984 -0.9842 0.0, 3.1102 -0.9842 0.0, 2.5984 -0.9842 0.0039, 3.1102 -0.9842 0.0039, 2.5984 -0.748 0.0, 2.5984 -0.748 0.0039, 3.1102 -0.748 0.0, 3.1102 -0.748 0.0039, 2.5984 -1.4173 0.0, 3.1102 -1.4173 0.0, 2.5984 -1.4173 0.0039, 3.1102 -1.4173 0.0039, 2.5984 -1.1811 0.0, 2.5984 -1.1811 0.0039, 3.1102 -1.1811 0.0, 3.1102 -1.1811 0.0039, 2.5984 -1.8503 0.0, 3.1102 -1.8503 0.0, 2.5984 -1.8503 0.0039, 3.1102 -1.8503 0.0039, 2.5984 -1.6141 0.0, 2.5984 -1.6141 0.0039, 3.1102 -1.6141 0.0, 3.1102 -1.6141 0.0039, 2.5984 -2.2834 0.0, 3.1102 -2.2834 0.0, 2.5984 -2.2834 0.0039, 3.1102 -2.2834 0.0039, 2.5984 -2.0472 0.0, 2.5984 -2.0472 0.0039, 3.1102 -2.0472 0.0, 3.1102 -2.0472 0.0039, 2.5984 -2.7165 0.0, 3.1102 -2.7165 0.0, 2.5984 -2.7165 0.0039, 3.1102 -2.7165 0.0039, 2.5984 -2.4803 0.0, 2.5984 -2.4803 0.0039, 3.1102 -2.4803 0.0, 3.1102 -2.4803 0.0039, 1.7717 2.5001 0.0, 1.7717 2.2245 0.0, 1.7717 2.5001 0.0039, 1.7717 2.2245 0.0039, 2.1654 2.5001 0.0, 2.1654 2.5001 0.0039, 2.1654 2.2245 0.0, 2.1654 2.2245 0.0039, 1.7717 2.0276 0.0, 1.7717 1.752 0.0, 1.7717 2.0276 0.0039, 1.7717 1.752 0.0039, 2.1654 2.0276 0.0, 2.1654 2.0276 0.0039, 2.1654 1.752 0.0, 2.1654 1.752 0.0039, 1.063 1.7914 0.0, 1.063 1.5158 0.0, 1.063 1.7914 0.0039, 1.063 1.5158 0.0039, 1.4567 1.7914 0.0039, 1.4567 1.7914 0.0, 1.1516 1.7914 0.0039, 1.4567 1.5158 0.0, 1.4567 1.5158 0.0039, 1.1516 1.5158 0.0039, 1.063 1.3189 0.0039, 1.063 1.3189 0.0, 1.063 1.1812 0.0039, 1.063 1.0434 0.0, 1.063 1.0434 0.0039, 1.4567 1.3189 0.0039, 1.4567 1.3189 0.0, 1.1516 1.3189 0.0039, 1.4567 1.0434 0.0039, 1.4567 1.0434 0.0, 1.4567 1.1812 0.0039, 1.1516 1.0434 0.0039, 0.0984 0.9646 0.0039, 0.0984 0.9646 0.0, 0.0984 0.5119 0.0039, 0.0984 0.4528 0.0, 0.0984 0.4528 0.0039, 0.6102 0.9646 0.0039, 0.6102 0.9646 0.0, 0.1969 0.9646 0.0039, 0.6102 0.4528 0.0039, 0.6102 0.4528 0.0, 0.6102 0.5119 0.0039, 0.1969 0.4528 0.0039, 0.0984 0.256 0.0039, 0.0984 0.256 0.0, 0.0984 0.0001 0.0039, 0.0984 -0.2559 0.0, 0.0984 -0.1968 0.0039, 0.0984 -0.2559 0.0039, 0.5906 0.256 0.0039, 0.6102 0.256 0.0039, 0.6102 0.256 0.0, 0.1969 0.256 0.0039, 0.6102 -0.1968 0.0039, 0.6102 -0.2559 0.0039, 0.6102 -0.2559 0.0, 0.6102 0.0001 0.0039, 0.5906 -0.2559 0.0039, 0.1969 -0.2559 0.0039, -2.5984 2.7166 0.0039, -2.5984 2.7166 0.0, -2.6378 2.7166 0.0039, -3.1102 2.7166 0.0, -3.1102 2.7166 0.0039, -2.5984 2.4804 0.0, -2.5984 2.4804 0.0039, -3.1102 2.4804 0.0039, -3.1102 2.4804 0.0, -2.6378 2.4804 0.0039, -2.5984 2.2835 0.0039, -2.5984 2.2835 0.0, -2.6378 2.2835 0.0039, -3.1102 2.2835 0.0, -3.1102 2.2835 0.0039, -2.5984 2.0473 0.0039, -2.5984 2.0473 0.0, -2.5984 2.0867 0.0039, -3.1102 2.0473 0.0039, -3.1102 2.0473 0.0, -2.6378 2.0473 0.0039, -2.5984 1.8504 0.0039, -2.5984 1.8504 0.0, -2.6378 1.8504 0.0039, -3.1102 1.8504 0.0, -3.1102 1.8504 0.0039, -2.5984 1.6142 0.0039, -2.5984 1.6142 0.0, -2.5984 1.6536 0.0039, -3.1102 1.6142 0.0039, -3.1102 1.6142 0.0, -2.6378 1.6142 0.0039, -2.5984 1.4174 0.0039, -2.5984 1.4174 0.0, -2.6378 1.4174 0.0039, -3.1102 1.4174 0.0, -3.1102 1.4174 0.0039, -2.5984 1.1812 0.0, -2.5984 1.1812 0.0039, -3.1102 1.1812 0.0039, -3.1102 1.1812 0.0, -2.6378 1.1812 0.0039, -2.5984 0.9843 0.0039, -2.5984 0.9843 0.0, -2.6378 0.9843 0.0039, -3.1102 0.9843 0.0, -3.1102 0.9843 0.0039, -2.5984 0.7481 0.0, -2.5984 0.7481 0.0039, -3.1102 0.7481 0.0039, -3.1102 0.7481 0.0, -2.6378 0.7481 0.0039, -2.5984 0.5512 0.0039, -2.5984 0.5512 0.0, -2.6378 0.5512 0.0039, -3.1102 0.5512 0.0, -3.1102 0.5512 0.0039, -2.5984 0.315 0.0, -2.5984 0.315 0.0039, -3.1102 0.315 0.0039, -3.1102 0.315 0.0, -2.6378 0.315 0.0039, -2.5984 0.1182 0.0039, -2.5984 0.1182 0.0, -2.6378 0.1182 0.0039, -3.1102 0.1182 0.0, -3.1102 0.1182 0.0039, -2.5984 -0.1181 0.0, -2.5984 -0.1181 0.0039, -3.1102 -0.1181 0.0039, -3.1102 -0.1181 0.0, -2.6378 -0.1181 0.0039, -2.5984 -0.3149 0.0039, -2.5984 -0.3149 0.0, -2.6378 -0.3149 0.0039, -3.1102 -0.3149 0.0, -3.1102 -0.3149 0.0039, -2.5984 -0.5511 0.0, -2.5984 -0.5511 0.0039, -3.1102 -0.5511 0.0039, -3.1102 -0.5511 0.0, -2.6378 -0.5511 0.0039, -2.5984 -0.748 0.0039, -2.5984 -0.748 0.0, -2.6378 -0.748 0.0039, -3.1102 -0.748 0.0, -3.1102 -0.748 0.0039, -2.5984 -0.9842 0.0039, -2.5984 -0.9842 0.0, -2.5984 -0.9055 0.0039, -3.1102 -0.9842 0.0039, -3.1102 -0.9842 0.0, -2.6378 -0.9842 0.0039, -2.5984 -1.1811 0.0039, -2.5984 -1.1811 0.0, -2.6378 -1.1811 0.0039, -3.1102 -1.1811 0.0, -3.1102 -1.1811 0.0039, -2.5984 -1.4173 0.0, -2.5984 -1.4173 0.0039, -3.1102 -1.4173 0.0039, -3.1102 -1.4173 0.0, -2.6378 -1.4173 0.0039, -2.5984 -1.6141 0.0039, -2.5984 -1.6141 0.0, -2.6378 -1.6141 0.0039, -3.1102 -1.6141 0.0, -3.1102 -1.6141 0.0039, -2.5984 -1.8503 0.0, -2.5984 -1.8503 0.0039, -3.1102 -1.8503 0.0039, -3.1102 -1.8503 0.0, -2.6378 -1.8503 0.0039, -2.5984 -2.0472 0.0039, -2.5984 -2.0472 0.0, -2.6378 -2.0472 0.0039, -3.1102 -2.0472 0.0, -3.1102 -2.0472 0.0039, -2.5984 -2.2834 0.0, -2.5984 -2.2834 0.0039, -3.1102 -2.2834 0.0039, -3.1102 -2.2834 0.0, -2.6378 -2.2834 0.0039, -2.5984 -2.4803 0.0039, -2.5984 -2.4803 0.0, -2.6378 -2.4803 0.0039, -3.1102 -2.4803 0.0, -3.1102 -2.4803 0.0039, -2.5984 -2.7165 0.0039, -2.5984 -2.7165 0.0, -2.5984 -2.5196 0.0039, -3.1102 -2.7165 0.0039, -3.1102 -2.7165 0.0, -2.6378 -2.7165 0.0039, -1.7717 2.2245 0.0, -1.7717 2.5001 0.0, -1.7717 2.2245 0.0039, -1.7717 2.5001 0.0039, -2.1654 2.2245 0.0, -2.1654 2.2245 0.0039, -2.1654 2.5001 0.0, -2.1654 2.5001 0.0039, -1.7717 1.752 0.0, -1.7717 2.0276 0.0, -1.7717 1.752 0.0039, -1.7717 2.0276 0.0039, -2.1654 1.752 0.0, -2.1654 1.752 0.0039, -2.1654 2.0276 0.0, -2.1654 2.0276 0.0039, -1.7717 1.2796 0.0039, -1.7717 1.2796 0.0, -1.7717 1.4174 0.0039, -1.7717 1.5552 0.0, -1.7717 1.5552 0.0039, -2.1654 1.2796 0.0, -2.1654 1.2796 0.0039, -2.1654 1.5552 0.0039, -2.1654 1.5552 0.0, -2.1654 1.4174 0.0039, -1.7717 0.8071 0.0039, -1.7717 0.8071 0.0, -1.7717 1.004 0.0039, -1.7717 1.0827 0.0, -1.7717 1.0827 0.0039, -2.1654 0.8071 0.0, -2.1654 0.8071 0.0039, -2.1654 1.0827 0.0039, -2.1654 1.0827 0.0, -2.1654 1.004 0.0039, -1.7717 0.3347 0.0, -1.7717 0.6103 0.0, -1.7717 0.3347 0.0039, -1.7717 0.6103 0.0039, -2.1654 0.3347 0.0, -2.1654 0.3347 0.0039, -2.1654 0.6103 0.0, -2.1654 0.6103 0.0039, -1.7717 -0.1377 0.0, -1.7717 0.1378 0.0, -1.7717 -0.1377 0.0039, -1.7717 0.1378 0.0039, -2.1654 -0.1377 0.0, -2.1654 -0.1377 0.0039, -2.1654 0.1378 0.0, -2.1654 0.1378 0.0039, -1.7717 -0.6102 0.0, -1.7717 -0.3346 0.0, -1.7717 -0.6102 0.0039, -1.7717 -0.3346 0.0039, -2.1654 -0.6102 0.0, -2.1654 -0.6102 0.0039, -2.1654 -0.3346 0.0, -2.1654 -0.3346 0.0039, -1.7717 -1.0826 0.0039, -1.7717 -1.0826 0.0, -1.7717 -0.9055 0.0039, -1.7717 -0.807 0.0, -1.7717 -0.807 0.0039, -2.1654 -1.0826 0.0, -2.1654 -1.0826 0.0039, -2.1654 -0.807 0.0039, -2.1654 -0.807 0.0, -2.1654 -0.9055 0.0039, -1.7717 -1.5551 0.0039, -1.7717 -1.5551 0.0, -1.7717 -1.4173 0.0039, -1.7717 -1.2795 0.0, -1.7717 -1.2795 0.0039, -2.1654 -1.5551 0.0, -2.1654 -1.5551 0.0039, -2.1654 -1.2795 0.0039, -2.1654 -1.2795 0.0, -2.1654 -1.4173 0.0039, -1.7717 -2.0275 0.0, -1.7717 -1.7519 0.0, -1.7717 -2.0275 0.0039, -1.7717 -1.7519 0.0039, -2.1654 -2.0275 0.0, -2.1654 -2.0275 0.0039, -2.1654 -1.7519 0.0, -2.1654 -1.7519 0.0039, -1.7717 -2.4999 0.0, -1.7717 -2.2244 0.0, -1.7717 -2.4999 0.0039, -1.7717 -2.2244 0.0039, -2.1654 -2.4999 0.0, -2.1654 -2.4999 0.0039, -2.1654 -2.2244 0.0, -2.1654 -2.2244 0.0039, -1.063 1.5158 0.0039, -1.063 1.5158 0.0, -1.063 1.6536 0.0039, -1.063 1.7914 0.0, -1.063 1.7914 0.0039, -1.4567 1.5158 0.0039, -1.4567 1.5158 0.0, -1.2205 1.5158 0.0039, -1.4567 1.7914 0.0039, -1.4567 1.7914 0.0, -1.4567 1.6536 0.0039, -1.2205 1.7914 0.0039, -1.063 1.0434 0.0039, -1.063 1.0434 0.0, -1.063 1.1812 0.0039, -1.063 1.3189 0.0, -1.063 1.3189 0.0039, -1.4567 1.0434 0.0039, -1.4567 1.0434 0.0, -1.2205 1.0434 0.0039, -1.4567 1.3189 0.0039, -1.4567 1.3189 0.0, -1.4567 1.1812 0.0039, -1.2205 1.3189 0.0039, -1.063 0.5709 0.0, -1.063 0.8465 0.0, -1.063 0.5709 0.0039, -1.063 0.8465 0.0039, -1.4567 0.5709 0.0039, -1.4567 0.5709 0.0, -1.2205 0.5709 0.0039, -1.4567 0.8465 0.0, -1.4567 0.8465 0.0039, -1.2205 0.8465 0.0039, -1.063 0.0985 0.0039, -1.063 0.0985 0.0, -1.063 0.2953 0.0039, -1.063 0.3741 0.0, -1.063 0.3741 0.0039, -1.4567 0.0985 0.0039, -1.4567 0.0985 0.0, -1.2205 0.0985 0.0039, -1.4567 0.3741 0.0039, -1.4567 0.3741 0.0, -1.4567 0.2953 0.0039, -1.2205 0.3741 0.0039, -1.063 -0.374 0.0039, -1.063 -0.374 0.0, -1.063 -0.1968 0.0039, -1.063 -0.0984 0.0, -1.063 -0.0984 0.0039, -1.4567 -0.374 0.0039, -1.4567 -0.374 0.0, -1.2205 -0.374 0.0039, -1.4567 -0.0984 0.0039, -1.4567 -0.0984 0.0, -1.4567 -0.1968 0.0039, -1.2205 -0.0984 0.0039, -1.063 -0.8464 0.0, -1.063 -0.5708 0.0, -1.063 -0.8464 0.0039, -1.063 -0.5708 0.0039, -1.4567 -0.8464 0.0039, -1.4567 -0.8464 0.0, -1.2205 -0.8464 0.0039, -1.4567 -0.5708 0.0, -1.4567 -0.5708 0.0039, -1.2205 -0.5708 0.0039, -1.063 -1.3188 0.0039, -1.063 -1.3188 0.0, -1.063 -1.1811 0.0039, -1.063 -1.0433 0.0, -1.063 -1.0433 0.0039, -1.4567 -1.3188 0.0039, -1.4567 -1.3188 0.0, -1.2205 -1.3188 0.0039, -1.4567 -1.0433 0.0039, -1.4567 -1.0433 0.0, -1.4567 -1.1811 0.0039, -1.2205 -1.0433 0.0039, -1.063 -1.7913 0.0, -1.063 -1.5157 0.0, -1.063 -1.7913 0.0039, -1.063 -1.5157 0.0039, -1.4567 -1.7913 0.0039, -1.4567 -1.7913 0.0, -1.2205 -1.7913 0.0039, -1.4567 -1.5157 0.0, -1.4567 -1.5157 0.0039, -1.2205 -1.5157 0.0039, -0.0984 0.4528 0.0, -0.0984 0.9646 0.0, -0.0984 0.4528 0.0039, -0.0984 0.9646 0.0039, -0.6102 0.4528 0.0, -0.6102 0.4528 0.0039, -0.6102 0.9646 0.0, -0.6102 0.9646 0.0039, -0.0984 -0.2559 0.0039, -0.0984 -0.2559 0.0, -0.0984 -0.1968 0.0039, -0.0984 0.256 0.0, -0.0984 0.256 0.0039, -0.6102 -0.2559 0.0, -0.6102 -0.2559 0.0039, -0.6102 0.256 0.0039, -0.6102 0.256 0.0, -0.6102 -0.1968 0.0039, -0.0984 -0.9645 0.0039, -0.0984 -0.9645 0.0, -0.0984 -0.9055 0.0039, -0.0984 -0.4527 0.0, -0.0984 -0.4527 0.0039, -0.6102 -0.9645 0.0, -0.6102 -0.9645 0.0039, -0.6102 -0.4527 0.0039, -0.6102 -0.4527 0.0, -0.6102 -0.9055 0.0039, 0.3346 -1.437 0.0039, 0.3346 -1.437 0.0, 0.3346 -1.6535 0.0039, 0.3346 -1.8307 0.0, 0.3346 -1.8307 0.0039, 0.6102 -1.437 0.0, 0.6102 -1.437 0.0039, 0.6102 -1.8307 0.0039, 0.6102 -1.8307 0.0, 0.6102 -1.6535 0.0039, -0.1378 -1.437 0.0039, -0.1378 -1.437 0.0, -0.1378 -1.6535 0.0039, -0.1378 -1.8307 0.0, -0.1378 -1.8307 0.0039, 0.1378 -1.437 0.0039, 0.1378 -1.437 0.0, 0.0 -1.437 0.0039, 0.1378 -1.8307 0.0039, 0.1378 -1.8307 0.0, 0.1378 -1.6535 0.0039, 0.0 -1.8307 0.0039
            ]
        }
        coordIndex [
            0,1,2,-1,2,1,3,-1,4,5,6,-1,6,5,7,-1,1,4,3,-1,3,4,6,-1,5,4,0,-1,0,4,1,-1,8,9,10,-1,10,9,11,-1,12,13,14,-1,14,13,15,-1,9,12,11,-1,11,12,14,-1,13,12,8,-1,8,12,9,-1,16,17,18,-1,18,17,19,-1,20,21,22,-1,22,21,23,-1,17,20,19,-1,19,20,22,-1,21,20,16,-1,16,20,17,-1,24,25,26,-1,26,25,27,-1,28,29,30,-1,30,29,31,-1,25,28,27,-1,27,28,30,-1,29,28,24,-1,24,28,25,-1,32,33,34,-1,34,33,35,-1,36,37,38,-1,38,37,39,-1,33,36,35,-1,35,36,38,-1,37,36,32,-1,32,36,33,-1,40,41,42,-1,42,41,43,-1,44,45,46,-1,46,45,47,-1,41,44,43,-1,43,44,46,-1,45,44,40,-1,40,44,41,-1,48,49,50,-1,50,49,51,-1,52,53,54,-1,54,53,55,-1,49,52,51,-1,51,52,54,-1,53,52,48,-1,48,52,49,-1,56,57,58,-1,58,57,59,-1,60,61,62,-1,62,61,63,-1,57,60,59,-1,59,60,62,-1,61,60,56,-1,56,60,57,-1,64,65,66,-1,66,65,67,-1,68,69,70,-1,70,69,71,-1,67,65,72,-1,72,65,68,-1,72,68,70,-1,69,68,64,-1,64,68,65,-1,73,74,75,-1,75,74,76,-1,77,78,79,-1,79,78,80,-1,74,77,76,-1,76,77,79,-1,78,77,73,-1,73,77,74,-1,81,82,83,-1,83,82,84,-1,85,86,87,-1,87,86,88,-1,82,85,84,-1,84,85,87,-1,86,85,81,-1,81,85,82,-1,89,90,91,-1,91,90,92,-1,93,89,94,-1,94,89,91,-1,95,93,96,-1,96,93,94,-1,90,95,92,-1,92,95,96,-1,93,95,89,-1,89,95,90,-1,97,98,99,-1,99,98,100,-1,101,97,102,-1,102,97,99,-1,103,101,104,-1,104,101,102,-1,98,103,100,-1,100,103,104,-1,101,103,97,-1,97,103,98,-1,105,106,107,-1,107,106,108,-1,107,108,109,-1,110,106,111,-1,111,106,105,-1,112,113,114,-1,114,113,110,-1,114,110,111,-1,110,113,106,-1,106,113,108,-1,115,116,117,-1,117,116,118,-1,117,118,119,-1,120,116,121,-1,121,116,115,-1,122,123,124,-1,124,123,120,-1,124,120,121,-1,120,123,116,-1,116,123,118,-1,125,126,127,-1,127,126,128,-1,127,128,129,-1,130,126,131,-1,131,126,125,-1,132,133,134,-1,134,133,130,-1,134,130,131,-1,130,133,126,-1,126,133,128,-1,135,136,137,-1,137,136,138,-1,137,138,139,-1,140,136,141,-1,141,136,135,-1,142,143,144,-1,144,143,140,-1,144,140,141,-1,140,143,136,-1,136,143,138,-1,145,146,147,-1,147,146,148,-1,147,148,149,-1,150,146,151,-1,151,146,145,-1,152,153,154,-1,154,153,150,-1,154,150,151,-1,150,153,146,-1,146,153,148,-1,155,156,157,-1,157,156,158,-1,157,158,159,-1,160,156,161,-1,161,156,155,-1,162,163,164,-1,164,163,160,-1,164,160,161,-1,160,163,156,-1,156,163,158,-1,165,166,167,-1,167,166,168,-1,167,168,169,-1,170,166,171,-1,171,166,165,-1,172,173,174,-1,174,173,170,-1,174,170,171,-1,170,173,166,-1,166,173,168,-1,175,176,177,-1,177,176,178,-1,177,178,179,-1,180,176,181,-1,181,176,175,-1,182,183,184,-1,184,183,180,-1,184,180,181,-1,180,183,176,-1,176,183,178,-1,185,186,187,-1,187,186,188,-1,187,188,189,-1,190,191,192,-1,192,191,186,-1,192,186,185,-1,193,194,195,-1,195,194,191,-1,195,191,190,-1,191,194,186,-1,186,194,188,-1,196,197,198,-1,198,197,199,-1,198,199,200,-1,201,197,202,-1,202,197,196,-1,203,204,205,-1,205,204,201,-1,205,201,202,-1,201,204,197,-1,197,204,199,-1,206,207,208,-1,208,207,209,-1,208,209,210,-1,211,207,212,-1,212,207,206,-1,213,214,215,-1,215,214,211,-1,215,211,212,-1,211,214,207,-1,207,214,209,-1,216,217,218,-1,218,217,219,-1,220,216,221,-1,221,216,218,-1,222,220,223,-1,223,220,221,-1,217,222,219,-1,219,222,223,-1,220,222,216,-1,216,222,217,-1,224,225,226,-1,226,225,227,-1,228,224,229,-1,229,224,226,-1,230,228,231,-1,231,228,229,-1,225,230,227,-1,227,230,231,-1,228,230,224,-1,224,230,225,-1,232,233,234,-1,234,233,235,-1,236,232,237,-1,237,232,234,-1,238,236,239,-1,239,236,237,-1,233,238,235,-1,235,238,239,-1,236,238,232,-1,232,238,233,-1,240,241,242,-1,242,241,243,-1,244,240,245,-1,245,240,242,-1,246,244,247,-1,247,244,245,-1,241,246,243,-1,243,246,247,-1,244,246,240,-1,240,246,241,-1,248,249,250,-1,250,249,251,-1,252,248,253,-1,253,248,250,-1,254,252,255,-1,255,252,253,-1,249,254,251,-1,251,254,255,-1,252,254,248,-1,248,254,249,-1,256,257,258,-1,258,257,259,-1,260,256,261,-1,261,256,258,-1,262,260,263,-1,263,260,261,-1,257,262,259,-1,259,262,263,-1,260,262,256,-1,256,262,257,-1,264,265,266,-1,266,265,267,-1,268,264,269,-1,269,264,266,-1,270,268,271,-1,271,268,269,-1,265,270,267,-1,267,270,271,-1,268,270,264,-1,264,270,265,-1,272,273,274,-1,274,273,275,-1,276,272,277,-1,277,272,274,-1,278,276,279,-1,279,276,277,-1,272,276,273,-1,273,276,278,-1,280,281,282,-1,282,281,283,-1,284,280,285,-1,285,280,282,-1,286,284,287,-1,287,284,285,-1,280,284,281,-1,281,284,286,-1,288,289,290,-1,290,289,291,-1,292,288,293,-1,293,288,290,-1,294,292,295,-1,295,292,293,-1,288,292,289,-1,289,292,294,-1,296,297,298,-1,298,297,299,-1,300,296,301,-1,301,296,298,-1,302,300,303,-1,303,300,301,-1,296,300,297,-1,297,300,302,-1,304,305,306,-1,306,305,307,-1,308,304,309,-1,309,304,306,-1,310,308,311,-1,311,308,309,-1,304,308,305,-1,305,308,310,-1,312,313,314,-1,314,313,315,-1,316,312,317,-1,317,312,314,-1,318,316,319,-1,319,316,317,-1,312,316,313,-1,313,316,318,-1,320,321,322,-1,322,321,323,-1,324,325,326,-1,326,325,320,-1,326,320,322,-1,327,325,328,-1,328,325,324,-1,320,325,321,-1,321,325,327,-1,329,330,331,-1,331,330,332,-1,333,329,334,-1,334,329,331,-1,335,333,336,-1,336,333,334,-1,329,333,330,-1,330,333,335,-1,337,338,339,-1,339,338,340,-1,341,337,342,-1,342,337,339,-1,343,341,344,-1,344,341,342,-1,337,341,338,-1,338,341,343,-1,345,346,347,-1,347,346,348,-1,349,345,350,-1,350,345,347,-1,351,349,352,-1,352,349,350,-1,345,349,346,-1,346,349,351,-1,353,354,355,-1,355,354,356,-1,357,353,358,-1,358,353,355,-1,359,357,360,-1,360,357,358,-1,353,357,354,-1,354,357,359,-1,361,362,363,-1,363,362,364,-1,365,361,366,-1,366,361,363,-1,367,365,368,-1,368,365,366,-1,361,365,362,-1,362,365,367,-1,369,370,371,-1,371,370,372,-1,373,369,374,-1,374,369,371,-1,375,373,376,-1,376,373,374,-1,369,373,370,-1,370,373,375,-1,377,378,379,-1,379,378,380,-1,381,377,382,-1,382,377,379,-1,383,381,384,-1,384,381,382,-1,378,383,380,-1,380,383,384,-1,381,383,377,-1,377,383,378,-1,385,386,387,-1,387,386,388,-1,389,385,390,-1,390,385,387,-1,391,389,392,-1,392,389,390,-1,386,391,388,-1,388,391,392,-1,389,391,385,-1,385,391,386,-1,393,394,395,-1,395,394,396,-1,397,398,399,-1,399,398,393,-1,399,393,395,-1,400,398,401,-1,401,398,397,-1,396,394,402,-1,402,394,400,-1,402,400,401,-1,398,400,393,-1,393,400,394,-1,403,404,405,-1,405,404,406,-1,405,406,407,-1,408,409,410,-1,410,409,404,-1,410,404,403,-1,411,412,413,-1,413,412,409,-1,413,409,408,-1,407,406,414,-1,414,406,412,-1,414,412,411,-1,409,412,404,-1,404,412,406,-1,415,416,417,-1,417,416,418,-1,417,418,419,-1,420,421,422,-1,422,421,416,-1,422,416,415,-1,423,424,425,-1,425,424,421,-1,425,421,420,-1,419,418,426,-1,426,418,424,-1,426,424,423,-1,421,424,416,-1,416,424,418,-1,427,428,429,-1,429,428,430,-1,429,430,431,-1,431,430,432,-1,433,434,435,-1,433,435,436,-1,436,435,428,-1,436,428,427,-1,437,438,439,-1,437,439,440,-1,440,439,435,-1,440,435,434,-1,438,441,439,-1,439,441,442,-1,439,442,430,-1,430,442,432,-1,435,439,428,-1,428,439,430,-1,443,444,445,-1,445,444,446,-1,445,446,447,-1,448,444,449,-1,449,444,443,-1,450,451,452,-1,452,451,448,-1,452,448,449,-1,444,448,446,-1,446,448,451,-1,453,454,455,-1,455,454,456,-1,455,456,457,-1,458,459,460,-1,460,459,454,-1,460,454,453,-1,461,462,463,-1,463,462,459,-1,463,459,458,-1,454,459,456,-1,456,459,462,-1,464,465,466,-1,466,465,467,-1,466,467,468,-1,469,470,471,-1,471,470,465,-1,471,465,464,-1,472,473,474,-1,474,473,470,-1,474,470,469,-1,465,470,467,-1,467,470,473,-1,475,476,477,-1,477,476,478,-1,477,478,479,-1,480,476,481,-1,481,476,475,-1,482,483,484,-1,484,483,480,-1,484,480,481,-1,476,480,478,-1,478,480,483,-1,485,486,487,-1,487,486,488,-1,487,488,489,-1,490,486,491,-1,491,486,485,-1,492,493,494,-1,494,493,490,-1,494,490,491,-1,486,490,488,-1,488,490,493,-1,495,496,497,-1,497,496,498,-1,497,498,499,-1,500,496,501,-1,501,496,495,-1,502,503,504,-1,504,503,500,-1,504,500,501,-1,496,500,498,-1,498,500,503,-1,505,506,507,-1,507,506,508,-1,507,508,509,-1,510,506,511,-1,511,506,505,-1,512,513,514,-1,514,513,510,-1,514,510,511,-1,506,510,508,-1,508,510,513,-1,515,516,517,-1,517,516,518,-1,517,518,519,-1,520,516,521,-1,521,516,515,-1,522,523,524,-1,524,523,520,-1,524,520,521,-1,516,520,518,-1,518,520,523,-1,525,526,527,-1,527,526,528,-1,527,528,529,-1,530,531,532,-1,532,531,526,-1,532,526,525,-1,533,534,535,-1,535,534,531,-1,535,531,530,-1,526,531,528,-1,528,531,534,-1,536,537,538,-1,538,537,539,-1,538,539,540,-1,541,537,542,-1,542,537,536,-1,543,544,545,-1,545,544,541,-1,545,541,542,-1,537,541,539,-1,539,541,544,-1,546,547,548,-1,548,547,549,-1,548,549,550,-1,551,547,552,-1,552,547,546,-1,553,554,555,-1,555,554,551,-1,555,551,552,-1,547,551,549,-1,549,551,554,-1,556,557,558,-1,558,557,559,-1,558,559,560,-1,561,557,562,-1,562,557,556,-1,563,564,565,-1,565,564,561,-1,565,561,562,-1,557,561,559,-1,559,561,564,-1,566,567,568,-1,568,567,569,-1,568,569,570,-1,571,572,573,-1,573,572,567,-1,573,567,566,-1,574,575,576,-1,576,575,572,-1,576,572,571,-1,567,572,569,-1,569,572,575,-1,577,578,579,-1,579,578,580,-1,581,577,582,-1,582,577,579,-1,583,581,584,-1,584,581,582,-1,578,583,580,-1,580,583,584,-1,581,583,577,-1,577,583,578,-1,585,586,587,-1,587,586,588,-1,589,585,590,-1,590,585,587,-1,591,589,592,-1,592,589,590,-1,586,591,588,-1,588,591,592,-1,589,591,585,-1,585,591,586,-1,593,594,595,-1,595,594,596,-1,595,596,597,-1,598,594,599,-1,599,594,593,-1,600,601,602,-1,602,601,598,-1,602,598,599,-1,596,601,597,-1,597,601,600,-1,598,601,594,-1,594,601,596,-1,603,604,605,-1,605,604,606,-1,605,606,607,-1,608,604,609,-1,609,604,603,-1,610,611,612,-1,612,611,608,-1,612,608,609,-1,606,611,607,-1,607,611,610,-1,608,611,604,-1,604,611,606,-1,613,614,615,-1,615,614,616,-1,617,613,618,-1,618,613,615,-1,619,617,620,-1,620,617,618,-1,614,619,616,-1,616,619,620,-1,617,619,613,-1,613,619,614,-1,621,622,623,-1,623,622,624,-1,625,621,626,-1,626,621,623,-1,627,625,628,-1,628,625,626,-1,622,627,624,-1,624,627,628,-1,625,627,621,-1,621,627,622,-1,629,630,631,-1,631,630,632,-1,633,629,634,-1,634,629,631,-1,635,633,636,-1,636,633,634,-1,630,635,632,-1,632,635,636,-1,633,635,629,-1,629,635,630,-1,637,638,639,-1,639,638,640,-1,639,640,641,-1,642,638,643,-1,643,638,637,-1,644,645,646,-1,646,645,642,-1,646,642,643,-1,640,645,641,-1,641,645,644,-1,642,645,638,-1,638,645,640,-1,647,648,649,-1,649,648,650,-1,649,650,651,-1,652,648,653,-1,653,648,647,-1,654,655,656,-1,656,655,652,-1,656,652,653,-1,650,655,651,-1,651,655,654,-1,652,655,648,-1,648,655,650,-1,657,658,659,-1,659,658,660,-1,661,657,662,-1,662,657,659,-1,663,661,664,-1,664,661,662,-1,658,663,660,-1,660,663,664,-1,661,663,657,-1,657,663,658,-1,665,666,667,-1,667,666,668,-1,669,665,670,-1,670,665,667,-1,671,669,672,-1,672,669,670,-1,666,671,668,-1,668,671,672,-1,669,671,665,-1,665,671,666,-1,673,674,675,-1,675,674,676,-1,675,676,677,-1,678,679,680,-1,680,679,674,-1,680,674,673,-1,681,682,683,-1,683,682,679,-1,683,679,678,-1,677,676,684,-1,684,676,682,-1,684,682,681,-1,679,682,674,-1,674,682,676,-1,685,686,687,-1,687,686,688,-1,687,688,689,-1,690,691,692,-1,692,691,686,-1,692,686,685,-1,693,694,695,-1,695,694,691,-1,695,691,690,-1,689,688,696,-1,696,688,694,-1,696,694,693,-1,691,694,686,-1,686,694,688,-1,697,698,699,-1,699,698,700,-1,701,702,703,-1,703,702,697,-1,703,697,699,-1,704,702,705,-1,705,702,701,-1,700,698,706,-1,706,698,704,-1,706,704,705,-1,702,704,697,-1,697,704,698,-1,707,708,709,-1,709,708,710,-1,709,710,711,-1,712,713,714,-1,714,713,708,-1,714,708,707,-1,715,716,717,-1,717,716,713,-1,717,713,712,-1,711,710,718,-1,718,710,716,-1,718,716,715,-1,713,716,708,-1,708,716,710,-1,719,720,721,-1,721,720,722,-1,721,722,723,-1,724,725,726,-1,726,725,720,-1,726,720,719,-1,727,728,729,-1,729,728,725,-1,729,725,724,-1,723,722,730,-1,730,722,728,-1,730,728,727,-1,725,728,720,-1,720,728,722,-1,731,732,733,-1,733,732,734,-1,735,736,737,-1,737,736,731,-1,737,731,733,-1,738,736,739,-1,739,736,735,-1,734,732,740,-1,740,732,738,-1,740,738,739,-1,736,738,731,-1,731,738,732,-1,741,742,743,-1,743,742,744,-1,743,744,745,-1,746,747,748,-1,748,747,742,-1,748,742,741,-1,749,750,751,-1,751,750,747,-1,751,747,746,-1,745,744,752,-1,752,744,750,-1,752,750,749,-1,747,750,742,-1,742,750,744,-1,753,754,755,-1,755,754,756,-1,757,758,759,-1,759,758,753,-1,759,753,755,-1,760,758,761,-1,761,758,757,-1,756,754,762,-1,762,754,760,-1,762,760,761,-1,758,760,753,-1,753,760,754,-1,763,764,765,-1,765,764,766,-1,767,763,768,-1,768,763,765,-1,769,767,770,-1,770,767,768,-1,764,769,766,-1,766,769,770,-1,767,769,763,-1,763,769,764,-1,771,772,773,-1,773,772,774,-1,773,774,775,-1,776,772,777,-1,777,772,771,-1,778,779,780,-1,780,779,776,-1,780,776,777,-1,774,779,775,-1,775,779,778,-1,776,779,772,-1,772,779,774,-1,781,782,783,-1,783,782,784,-1,783,784,785,-1,786,782,787,-1,787,782,781,-1,788,789,790,-1,790,789,786,-1,790,786,787,-1,784,789,785,-1,785,789,788,-1,786,789,782,-1,782,789,784,-1,791,792,793,-1,793,792,794,-1,793,794,795,-1,796,792,797,-1,797,792,791,-1,798,799,800,-1,800,799,796,-1,800,796,797,-1,794,799,795,-1,795,799,798,-1,796,799,792,-1,792,799,794,-1,801,802,803,-1,803,802,804,-1,803,804,805,-1,806,807,808,-1,808,807,802,-1,808,802,801,-1,809,810,811,-1,811,810,807,-1,811,807,806,-1,805,804,812,-1,812,804,810,-1,812,810,809,-1,807,810,802,-1,802,810,804,-1,
        ]
    }
}
Shape{
    appearance Appearance {
        material  Material 	{
            diffuseColor 0.0 0.0 0.0
            specularColor 0.0 0.0 0.0
            ambientIntensity 0.0
            transparency 0.0
            shininess 0.5
        }
    }
    geometry IndexedFaceSet {
        ccw TRUE
        solid FALSE
        coord DEF co Coordinate {
            point [
                2.0227 -2.7651 0.7165, 2.0227 -2.7757 0.7165, 2.0227 -2.7651 0.7126, 2.0227 -2.7757 0.7126, 1.9855 -2.7651 0.7165, 1.9855 -2.7651 0.7126, 1.9855 -2.6823 0.7165, 1.9855 -2.6823 0.7126, 1.9734 -2.6823 0.7165, 1.9734 -2.6823 0.7126, 1.9734 -2.7757 0.7165, 1.9734 -2.7757 0.7126, 2.0706 -2.7773 0.7165, 2.0706 -2.7773 0.7126, 2.085 -2.7759 0.7165, 2.0787 -2.7765 0.7126, 2.085 -2.7759 0.7126, 2.095 -2.7726 0.7126, 2.095 -2.7726 0.7165, 2.0965 -2.7718 0.7126, 2.0965 -2.7718 0.7165, 2.0965 -2.7603 0.7165, 2.0965 -2.7603 0.7126, 2.0869 -2.7645 0.7126, 2.0869 -2.7645 0.7165, 2.0763 -2.7664 0.7126, 2.0763 -2.7664 0.7165, 2.0723 -2.7665 0.7126, 2.0723 -2.7665 0.7165, 2.0636 -2.7656 0.7126, 2.0636 -2.7656 0.7165, 2.0568 -2.7631 0.7126, 2.0568 -2.7631 0.7165, 2.0506 -2.7589 0.7126, 2.0506 -2.7589 0.7165, 2.0483 -2.7567 0.7126, 2.0483 -2.7567 0.7165, 2.0436 -2.75 0.7126, 2.0436 -2.75 0.7165, 2.0406 -2.7424 0.7126, 2.0406 -2.7424 0.7165, 2.0392 -2.7309 0.7126, 2.0392 -2.7309 0.7165, 2.0392 -2.7301 0.7126, 2.0392 -2.7301 0.7165, 2.0406 -2.7179 0.7126, 2.0406 -2.7179 0.7165, 2.0436 -2.7096 0.7126, 2.0436 -2.7096 0.7165, 2.048 -2.7031 0.7126, 2.048 -2.7031 0.7165, 2.049 -2.702 0.7126, 2.049 -2.702 0.7165, 2.055 -2.697 0.7126, 2.055 -2.697 0.7165, 2.0623 -2.6935 0.7126, 2.0623 -2.6935 0.7165, 2.0703 -2.6918 0.7126, 2.0703 -2.6918 0.7165, 2.0744 -2.6916 0.7126, 2.0744 -2.6916 0.7165, 2.086 -2.693 0.7126, 2.086 -2.693 0.7165, 2.0954 -2.6966 0.7126, 2.0954 -2.6966 0.7165, 2.0965 -2.6972 0.7126, 2.0965 -2.6972 0.7165, 2.0965 -2.6845 0.7165, 2.0965 -2.6845 0.7126, 2.0743 -2.6807 0.7126, 2.0743 -2.6807 0.7165, 2.0752 -2.6807 0.7165, 2.0873 -2.6818 0.7126, 2.0873 -2.6818 0.7165, 2.0839 -2.6815 0.7126, 2.0752 -2.6807 0.7126, 2.0619 -2.6821 0.7165, 2.0672 -2.6815 0.7126, 2.0619 -2.6821 0.7126, 2.0519 -2.6857 0.7126, 2.0519 -2.6857 0.7165, 2.0428 -2.6919 0.7126, 2.0428 -2.6919 0.7165, 2.04 -2.6945 0.7126, 2.04 -2.6945 0.7165, 2.0333 -2.7033 0.7126, 2.0307 -2.7093 0.7126, 2.0288 -2.7137 0.7165, 2.0333 -2.7033 0.7165, 2.0288 -2.7137 0.7126, 2.0267 -2.7259 0.7126, 2.0267 -2.7259 0.7165, 2.0265 -2.7308 0.7126, 2.0265 -2.7308 0.7165, 2.0279 -2.7441 0.7126, 2.0279 -2.7441 0.7165, 2.0307 -2.7522 0.7126, 2.0314 -2.7543 0.7165, 2.0314 -2.7543 0.7126, 2.0367 -2.7625 0.7126, 2.0367 -2.7625 0.7165, 2.0385 -2.7645 0.7126, 2.0385 -2.7645 0.7165, 2.0643 -2.777 0.7165, 2.0456 -2.7705 0.7126, 2.0456 -2.7705 0.7165, 2.0543 -2.7748 0.7126, 2.0543 -2.7748 0.7165, 2.0622 -2.7765 0.7126, 2.0643 -2.777 0.7126, 2.1654 -2.7651 0.7165, 2.1654 -2.7757 0.7165, 2.1654 -2.7651 0.7126, 2.1654 -2.7757 0.7126, 2.1272 -2.7651 0.7126, 2.1272 -2.7651 0.7165, 2.1524 -2.7651 0.7126, 2.1272 -2.7336 0.7165, 2.1272 -2.7336 0.7126, 2.1606 -2.7336 0.7165, 2.1524 -2.7336 0.7126, 2.1606 -2.7336 0.7126, 2.1606 -2.7229 0.7165, 2.1606 -2.7229 0.7126, 2.1272 -2.7229 0.7126, 2.1272 -2.7229 0.7165, 2.1524 -2.7229 0.7126, 2.1272 -2.693 0.7165, 2.1272 -2.693 0.7126, 2.1633 -2.693 0.7165, 2.1524 -2.693 0.7126, 2.1633 -2.693 0.7126, 2.1633 -2.6823 0.7165, 2.1633 -2.6823 0.7126, 2.1152 -2.6823 0.7126, 2.1152 -2.6823 0.7165, 2.1524 -2.6823 0.7126, 2.1152 -2.7757 0.7165, 2.1152 -2.7757 0.7126, 2.1524 -2.7757 0.7126, 2.235 -2.7567 0.7165, 2.2427 -2.7646 0.7165, 2.2364 -2.7553 0.7165, 2.245 -2.7626 0.7165, 2.2413 -2.7492 0.7165, 2.252 -2.7542 0.7165, 2.2444 -2.7422 0.7165, 2.2566 -2.7445 0.7165, 2.2462 -2.7335 0.7165, 2.2588 -2.7336 0.7165, 2.2464 -2.7282 0.7165, 2.2591 -2.7278 0.7165, 2.245 -2.7165 0.7165, 2.2577 -2.7157 0.7165, 2.2424 -2.7097 0.7165, 2.2544 -2.7066 0.7165, 2.2388 -2.7044 0.7165, 2.2487 -2.6983 0.7165, 2.2362 -2.7018 0.7165, 2.245 -2.6947 0.7165, 2.229 -2.6971 0.7165, 2.2356 -2.6882 0.7165, 2.2208 -2.6943 0.7165, 2.2243 -2.684 0.7165, 2.2092 -2.693 0.7165, 2.2097 -2.6823 0.7165, 2.1951 -2.693 0.7165, 2.183 -2.6823 0.7165, 2.1951 -2.7651 0.7165, 2.183 -2.7757 0.7165, 2.2087 -2.7651 0.7165, 2.2087 -2.7757 0.7165, 2.221 -2.7637 0.7165, 2.2224 -2.7743 0.7165, 2.2288 -2.7608 0.7165, 2.2335 -2.7705 0.7165, 2.2087 -2.7757 0.7126, 2.183 -2.7757 0.7126, 2.2224 -2.7743 0.7126, 2.2258 -2.7731 0.7126, 2.2335 -2.7705 0.7126, 2.2427 -2.7646 0.7126, 2.245 -2.7626 0.7126, 2.252 -2.7542 0.7126, 2.2566 -2.7445 0.7126, 2.2588 -2.7336 0.7126, 2.2591 -2.7278 0.7126, 2.2577 -2.7157 0.7126, 2.2544 -2.7066 0.7126, 2.2487 -2.6983 0.7126, 2.245 -2.6947 0.7126, 2.2097 -2.6823 0.7126, 2.2356 -2.6882 0.7126, 2.2258 -2.6845 0.7126, 2.2243 -2.684 0.7126, 2.183 -2.6823 0.7126, 2.2092 -2.693 0.7126, 2.1951 -2.693 0.7126, 2.1951 -2.7651 0.7126, 2.2087 -2.7651 0.7126, 2.2364 -2.7553 0.7126, 2.235 -2.7567 0.7126, 2.2288 -2.7608 0.7126, 2.221 -2.7637 0.7126, 2.2464 -2.7282 0.7126, 2.2462 -2.7335 0.7126, 2.2444 -2.7422 0.7126, 2.2413 -2.7492 0.7126, 2.2362 -2.7018 0.7126, 2.2388 -2.7044 0.7126, 2.2424 -2.7097 0.7126, 2.245 -2.7165 0.7126, 2.2208 -2.6943 0.7126, 2.229 -2.6971 0.7126
            ]
        }
        coordIndex [
            0,1,2,-1,2,1,3,-1,4,0,5,-1,5,0,2,-1,6,4,7,-1,7,4,5,-1,8,6,9,-1,9,6,7,-1,10,8,11,-1,11,8,9,-1,1,10,3,-1,3,10,11,-1,6,8,4,-1,4,8,10,-1,4,10,0,-1,0,10,1,-1,12,13,14,-1,14,13,15,-1,15,16,14,-1,14,16,17,-1,14,17,18,-1,18,17,19,-1,18,19,20,-1,21,20,22,-1,22,20,19,-1,21,22,23,-1,21,23,24,-1,24,23,25,-1,24,25,26,-1,26,25,27,-1,26,27,28,-1,28,27,29,-1,28,29,30,-1,30,29,31,-1,30,31,32,-1,32,31,33,-1,32,33,34,-1,34,33,35,-1,34,35,36,-1,36,35,37,-1,36,37,38,-1,38,37,39,-1,38,39,40,-1,40,39,41,-1,40,41,42,-1,42,41,43,-1,42,43,44,-1,44,43,45,-1,44,45,46,-1,46,45,47,-1,46,47,48,-1,48,47,49,-1,48,49,50,-1,50,49,51,-1,50,51,52,-1,52,51,53,-1,52,53,54,-1,54,53,55,-1,54,55,56,-1,56,55,57,-1,56,57,58,-1,58,57,59,-1,58,59,60,-1,60,59,61,-1,60,61,62,-1,62,61,63,-1,62,63,64,-1,64,63,65,-1,64,65,66,-1,67,66,68,-1,68,66,65,-1,69,70,71,-1,67,68,72,-1,67,72,73,-1,73,72,74,-1,73,74,71,-1,71,74,75,-1,71,75,69,-1,70,69,76,-1,76,69,77,-1,77,78,76,-1,76,78,79,-1,76,79,80,-1,80,79,81,-1,80,81,82,-1,82,81,83,-1,82,83,84,-1,84,83,85,-1,86,87,85,-1,85,87,88,-1,85,88,84,-1,86,89,87,-1,87,89,90,-1,87,90,91,-1,91,90,92,-1,91,92,93,-1,93,92,94,-1,93,94,95,-1,95,94,96,-1,95,96,97,-1,96,98,97,-1,97,98,99,-1,97,99,100,-1,100,99,101,-1,100,101,102,-1,13,12,103,-1,102,101,104,-1,102,104,105,-1,105,104,106,-1,105,106,107,-1,107,106,108,-1,107,108,103,-1,103,108,109,-1,103,109,13,-1,64,66,67,-1,38,40,95,-1,95,40,93,-1,84,52,82,-1,82,52,54,-1,64,67,62,-1,62,67,73,-1,62,73,60,-1,60,73,71,-1,60,71,58,-1,58,71,70,-1,58,70,56,-1,56,70,76,-1,56,76,54,-1,54,76,80,-1,54,80,82,-1,20,21,18,-1,18,21,24,-1,18,24,14,-1,14,24,12,-1,40,42,93,-1,93,42,44,-1,93,44,91,-1,91,44,46,-1,91,46,87,-1,87,46,88,-1,88,46,48,-1,88,48,84,-1,84,48,50,-1,84,50,52,-1,95,97,38,-1,38,97,100,-1,38,100,36,-1,36,100,102,-1,36,102,34,-1,34,102,105,-1,34,105,32,-1,32,105,107,-1,32,107,30,-1,30,107,103,-1,30,103,28,-1,28,103,12,-1,28,12,26,-1,26,12,24,-1,110,111,112,-1,112,111,113,-1,114,115,116,-1,116,115,110,-1,116,110,112,-1,117,115,118,-1,118,115,114,-1,117,118,119,-1,119,118,120,-1,119,120,121,-1,122,119,123,-1,123,119,121,-1,124,125,126,-1,126,125,122,-1,126,122,123,-1,127,125,128,-1,128,125,124,-1,127,128,129,-1,129,128,130,-1,129,130,131,-1,132,129,133,-1,133,129,131,-1,134,135,136,-1,136,135,132,-1,136,132,133,-1,137,135,138,-1,138,135,134,-1,113,111,139,-1,139,111,137,-1,139,137,138,-1,137,111,110,-1,110,115,137,-1,137,115,117,-1,137,117,135,-1,129,132,127,-1,127,132,135,-1,127,135,125,-1,125,135,117,-1,125,117,122,-1,122,117,119,-1,140,141,142,-1,142,141,143,-1,142,143,144,-1,144,143,145,-1,144,145,146,-1,146,145,147,-1,146,147,148,-1,148,147,149,-1,148,149,150,-1,150,149,151,-1,150,151,152,-1,152,151,153,-1,152,153,154,-1,154,153,155,-1,154,155,156,-1,156,155,157,-1,156,157,158,-1,158,157,159,-1,158,159,160,-1,160,159,161,-1,160,161,162,-1,162,161,163,-1,162,163,164,-1,164,163,165,-1,164,165,166,-1,166,165,167,-1,166,167,168,-1,168,167,169,-1,168,169,170,-1,170,169,171,-1,170,171,172,-1,172,171,173,-1,172,173,174,-1,174,173,175,-1,174,175,140,-1,140,175,141,-1,171,169,176,-1,176,169,177,-1,171,176,178,-1,171,178,173,-1,173,178,179,-1,173,179,175,-1,179,180,175,-1,175,180,181,-1,175,181,141,-1,141,181,182,-1,141,182,143,-1,143,182,183,-1,143,183,145,-1,145,183,184,-1,145,184,147,-1,147,184,185,-1,147,185,149,-1,149,185,186,-1,149,186,151,-1,151,186,187,-1,151,187,153,-1,153,187,188,-1,153,188,155,-1,155,188,189,-1,155,189,157,-1,157,189,190,-1,157,190,159,-1,191,165,163,-1,159,190,192,-1,159,192,161,-1,161,192,193,-1,161,193,163,-1,163,193,194,-1,163,194,191,-1,167,165,195,-1,195,165,191,-1,169,167,177,-1,177,167,195,-1,164,166,196,-1,196,166,197,-1,166,168,197,-1,197,168,198,-1,168,170,198,-1,198,170,199,-1,142,200,201,-1,142,201,140,-1,140,201,202,-1,140,202,174,-1,174,202,203,-1,174,203,172,-1,172,203,199,-1,172,199,170,-1,150,204,205,-1,150,205,148,-1,148,205,206,-1,148,206,146,-1,146,206,207,-1,146,207,144,-1,144,207,200,-1,144,200,142,-1,158,208,209,-1,158,209,156,-1,156,209,210,-1,156,210,154,-1,154,210,211,-1,154,211,152,-1,152,211,204,-1,152,204,150,-1,164,196,212,-1,164,212,162,-1,162,212,213,-1,162,213,160,-1,160,213,208,-1,160,208,158,-1,
        ]
    }
}
Shape{
    appearance Appearance {
        material  Material 	{
            diffuseColor 0.6666666666666666 0.6980392156862745 0.7686274509803922
            specularColor 0.3333333333333333 0.34901960784313724 0.3843137254901961
            ambientIntensity 0.6967
            transparency 0.0
            shininess 0.5
        }
    }
    geometry IndexedFaceSet {
        ccw TRUE
        solid FALSE
        coord DEF co Coordinate {
            point [
                2.1951 -2.693 0.7126, 2.1951 -2.7651 0.7126, 2.2092 -2.693 0.7126, 2.2087 -2.7651 0.7126, 2.235 -2.7567 0.7126, 2.2364 -2.7553 0.7126, 2.221 -2.7637 0.7126, 2.2288 -2.7608 0.7126, 2.2413 -2.7492 0.7126, 2.2444 -2.7422 0.7126, 2.2462 -2.7335 0.7126, 2.2464 -2.7282 0.7126, 2.245 -2.7165 0.7126, 2.2424 -2.7097 0.7126, 2.2388 -2.7044 0.7126, 2.2362 -2.7018 0.7126, 2.2208 -2.6943 0.7126, 2.229 -2.6971 0.7126
            ]
        }
        coordIndex [
            0,1,2,-1,2,1,3,-1,2,4,5,-1,3,6,2,-1,2,6,7,-1,2,7,4,-1,5,8,2,-1,2,8,9,-1,2,9,10,-1,10,11,2,-1,2,11,12,-1,2,12,13,-1,13,14,2,-1,2,14,15,-1,2,15,16,-1,16,15,17,-1,
        ]
    }
}
Shape{
    appearance Appearance {
        material  Material 	{
            diffuseColor 0.0 0.0 0.0
            specularColor 0.0 0.0 0.0
            ambientIntensity 0.0
            transparency 0.0
            shininess 0.5
        }
    }
    geometry IndexedFaceSet {
        ccw TRUE
        solid FALSE
        coord DEF co Coordinate {
            point [
                2.2904 -2.7396 0.7165, 2.2866 -2.7502 0.7165, 2.3218 -2.7396 0.7165, 2.3255 -2.7502 0.7165, 2.3044 -2.7008 0.7165, 2.2999 -2.6823 0.7165, 2.2643 -2.7757 0.7165, 2.2776 -2.7757 0.7165, 2.3052 -2.698 0.7165, 2.3059 -2.6942 0.7165, 2.3128 -2.6823 0.7165, 2.3062 -2.6942 0.7165, 2.3069 -2.6982 0.7165, 2.3076 -2.7008 0.7165, 2.3483 -2.7757 0.7165, 2.335 -2.7757 0.7165, 2.3128 -2.6823 0.7126, 2.3483 -2.7757 0.7126, 2.2999 -2.6823 0.7126, 2.2643 -2.7757 0.7126, 2.2912 -2.705 0.7126, 2.2776 -2.7757 0.7126, 2.2866 -2.7502 0.7126, 2.3255 -2.7502 0.7126, 2.2912 -2.7502 0.7126, 2.335 -2.7757 0.7126, 2.2904 -2.7396 0.7126, 2.3218 -2.7396 0.7126, 2.3076 -2.7008 0.7126, 2.3062 -2.6942 0.7126, 2.3069 -2.6982 0.7126, 2.3059 -2.6942 0.7126, 2.3044 -2.7008 0.7126, 2.3052 -2.698 0.7126
            ]
        }
        coordIndex [
            0,1,2,-1,2,1,3,-1,4,5,0,-1,0,5,6,-1,0,6,1,-1,1,6,7,-1,4,8,5,-1,5,8,9,-1,5,9,10,-1,10,9,11,-1,10,11,12,-1,12,13,10,-1,10,13,2,-1,10,2,14,-1,14,2,3,-1,14,3,15,-1,10,14,16,-1,16,14,17,-1,5,10,18,-1,18,10,16,-1,19,6,20,-1,20,6,5,-1,20,5,18,-1,7,6,21,-1,21,6,19,-1,1,7,22,-1,22,7,21,-1,23,3,24,-1,24,3,1,-1,24,1,22,-1,15,3,25,-1,25,3,23,-1,14,15,17,-1,17,15,25,-1,0,2,26,-1,26,2,27,-1,2,13,27,-1,27,13,28,-1,11,29,30,-1,11,30,12,-1,12,30,28,-1,12,28,13,-1,11,9,29,-1,29,9,31,-1,4,32,33,-1,4,33,8,-1,8,33,31,-1,8,31,9,-1,4,0,32,-1,32,0,26,-1,
        ]
    }
}
Shape{
    appearance Appearance {
        material  Material 	{
            diffuseColor 0.6666666666666666 0.6980392156862745 0.7686274509803922
            specularColor 0.3333333333333333 0.34901960784313724 0.3843137254901961
            ambientIntensity 0.6967
            transparency 0.0
            shininess 0.5
        }
    }
    geometry IndexedFaceSet {
        ccw TRUE
        solid FALSE
        coord DEF co Coordinate {
            point [
                2.3062 -2.6942 0.7126, 2.3059 -2.6942 0.7126, 2.3069 -2.6982 0.7126, 2.3052 -2.698 0.7126, 2.3076 -2.7008 0.7126, 2.3044 -2.7008 0.7126, 2.3218 -2.7396 0.7126, 2.2904 -2.7396 0.7126
            ]
        }
        coordIndex [
            0,1,2,-1,2,1,3,-1,2,3,4,-1,4,3,5,-1,4,5,6,-1,6,5,7,-1,
        ]
    }
}
Shape{
    appearance Appearance {
        material  Material 	{
            diffuseColor 0.0 0.0 0.0
            specularColor 0.0 0.0 0.0
            ambientIntensity 0.0
            transparency 0.0
            shininess 0.5
        }
    }
    geometry IndexedFaceSet {
        ccw TRUE
        solid FALSE
        coord DEF co Coordinate {
            point [
                2.0237 -2.9133 0.7165, 2.0237 -2.9239 0.7165, 2.0237 -2.9133 0.7126, 2.0237 -2.9239 0.7126, 1.9855 -2.9133 0.7165, 1.9855 -2.9133 0.7126, 1.9855 -2.8818 0.7165, 1.9855 -2.8818 0.7126, 2.0189 -2.8818 0.7165, 2.0189 -2.8818 0.7126, 2.0189 -2.8711 0.7165, 2.0189 -2.8711 0.7126, 1.9855 -2.8711 0.7165, 1.9855 -2.8711 0.7126, 1.9855 -2.8412 0.7165, 1.9855 -2.8412 0.7126, 2.0216 -2.8412 0.7165, 2.0216 -2.8412 0.7126, 2.0216 -2.8305 0.7165, 2.0216 -2.8305 0.7126, 1.9734 -2.8305 0.7165, 1.9734 -2.8305 0.7126, 1.9734 -2.9239 0.7165, 1.9734 -2.9239 0.7126, 2.0768 -2.9239 0.7165, 2.0885 -2.9239 0.7165, 2.0768 -2.9136 0.7165, 2.0885 -2.881 0.7165, 2.0768 -2.8815 0.7165, 2.0517 -2.8953 0.7165, 2.0546 -2.894 0.7165, 2.0612 -2.8925 0.7165, 2.0768 -2.8904 0.7165, 2.0768 -2.8968 0.7165, 2.0765 -2.9136 0.7165, 2.0703 -2.9119 0.7165, 2.0746 -2.9164 0.7165, 2.067 -2.9141 0.7165, 2.0768 -2.8976 0.7165, 2.076 -2.9028 0.7165, 2.0743 -2.907 0.7165, 2.0718 -2.9104 0.7165, 2.0764 -2.8763 0.7165, 2.0876 -2.8721 0.7165, 2.0752 -2.8722 0.7165, 2.0857 -2.8668 0.7165, 2.0738 -2.8698 0.7165, 2.0833 -2.863 0.7165, 2.072 -2.8679 0.7165, 2.0802 -2.86 0.7165, 2.0699 -2.8665 0.7165, 2.0763 -2.8578 0.7165, 2.0672 -2.8656 0.7165, 2.0714 -2.8563 0.7165, 2.0633 -2.8652 0.7165, 2.0644 -2.8557 0.7165, 2.0562 -2.8659 0.7165, 2.0528 -2.857 0.7165, 2.0489 -2.8684 0.7165, 2.044 -2.8604 0.7165, 2.0414 -2.8732 0.7165, 2.0414 -2.8619 0.7165, 2.0491 -2.9119 0.7165, 2.0406 -2.9202 0.7165, 2.0501 -2.9129 0.7165, 2.0445 -2.923 0.7165, 2.0525 -2.9145 0.7165, 2.049 -2.9247 0.7165, 2.0551 -2.9154 0.7165, 2.056 -2.9255 0.7165, 2.0591 -2.9159 0.7165, 2.0621 -2.9248 0.7165, 2.0634 -2.9154 0.7165, 2.0668 -2.9231 0.7165, 2.071 -2.9203 0.7165, 2.0468 -2.9032 0.7165, 2.0349 -2.9046 0.7165, 2.0467 -2.9051 0.7165, 2.0349 -2.906 0.7165, 2.047 -2.9078 0.7165, 2.0355 -2.9114 0.7165, 2.0478 -2.9099 0.7165, 2.0369 -2.9153 0.7165, 2.0393 -2.9189 0.7165, 2.057 -2.8843 0.7165, 2.0482 -2.8864 0.7165, 2.0498 -2.8966 0.7165, 2.0432 -2.889 0.7165, 2.0484 -2.8984 0.7165, 2.0396 -2.8921 0.7165, 2.0474 -2.9006 0.7165, 2.0373 -2.8954 0.7165, 2.0357 -2.8995 0.7165, 2.0644 -2.8557 0.7126, 2.0528 -2.857 0.7126, 2.044 -2.8604 0.7126, 2.0414 -2.8619 0.7126, 2.0414 -2.8732 0.7126, 2.0489 -2.8684 0.7126, 2.0562 -2.8659 0.7126, 2.0633 -2.8652 0.7126, 2.0672 -2.8656 0.7126, 2.0699 -2.8665 0.7126, 2.072 -2.8679 0.7126, 2.0738 -2.8698 0.7126, 2.0752 -2.8722 0.7126, 2.0764 -2.8763 0.7126, 2.0768 -2.8815 0.7126, 2.057 -2.8843 0.7126, 2.0482 -2.8864 0.7126, 2.0432 -2.889 0.7126, 2.0396 -2.8921 0.7126, 2.0373 -2.8954 0.7126, 2.0357 -2.8995 0.7126, 2.0349 -2.9046 0.7126, 2.0349 -2.906 0.7126, 2.0355 -2.9114 0.7126, 2.0369 -2.9153 0.7126, 2.0393 -2.9189 0.7126, 2.0406 -2.9202 0.7126, 2.056 -2.9255 0.7126, 2.0492 -2.9247 0.7126, 2.049 -2.9247 0.7126, 2.0445 -2.923 0.7126, 2.0621 -2.9248 0.7126, 2.0624 -2.9247 0.7126, 2.0668 -2.9231 0.7126, 2.071 -2.9203 0.7126, 2.0746 -2.9164 0.7126, 2.0765 -2.9136 0.7126, 2.0768 -2.9136 0.7126, 2.0768 -2.9239 0.7126, 2.0885 -2.9239 0.7126, 2.0885 -2.881 0.7126, 2.0876 -2.8721 0.7126, 2.0857 -2.8668 0.7126, 2.0833 -2.863 0.7126, 2.0802 -2.86 0.7126, 2.0763 -2.8578 0.7126, 2.0714 -2.8563 0.7126, 2.0498 -2.8966 0.7126, 2.0517 -2.8953 0.7126, 2.0546 -2.894 0.7126, 2.0612 -2.8925 0.7126, 2.0467 -2.9051 0.7126, 2.0468 -2.9032 0.7126, 2.0474 -2.9006 0.7126, 2.0484 -2.8984 0.7126, 2.0501 -2.9129 0.7126, 2.0491 -2.9119 0.7126, 2.0478 -2.9099 0.7126, 2.047 -2.9078 0.7126, 2.0591 -2.9159 0.7126, 2.0551 -2.9154 0.7126, 2.0525 -2.9145 0.7126, 2.0718 -2.9104 0.7126, 2.0703 -2.9119 0.7126, 2.067 -2.9141 0.7126, 2.0634 -2.9154 0.7126, 2.0768 -2.8968 0.7126, 2.0768 -2.8976 0.7126, 2.076 -2.9028 0.7126, 2.0743 -2.907 0.7126, 2.0768 -2.8904 0.7126
            ]
        }
        coordIndex [
            0,1,2,-1,2,1,3,-1,4,0,5,-1,5,0,2,-1,6,4,7,-1,7,4,5,-1,8,6,9,-1,9,6,7,-1,10,8,11,-1,11,8,9,-1,12,10,13,-1,13,10,11,-1,14,12,15,-1,15,12,13,-1,16,14,17,-1,17,14,15,-1,18,16,19,-1,19,16,17,-1,20,18,21,-1,21,18,19,-1,22,20,23,-1,23,20,21,-1,1,22,3,-1,3,22,23,-1,22,1,0,-1,0,4,22,-1,22,4,6,-1,22,6,20,-1,16,18,14,-1,14,18,20,-1,14,20,12,-1,12,20,6,-1,12,6,10,-1,10,6,8,-1,24,25,26,-1,26,25,27,-1,28,29,30,-1,31,32,27,-1,27,32,33,-1,34,35,36,-1,36,35,37,-1,33,38,27,-1,27,38,39,-1,27,39,26,-1,26,39,40,-1,26,40,34,-1,34,40,41,-1,34,41,35,-1,30,31,28,-1,28,31,27,-1,28,27,42,-1,42,27,43,-1,42,43,44,-1,44,43,45,-1,44,45,46,-1,46,45,47,-1,46,47,48,-1,48,47,49,-1,48,49,50,-1,50,49,51,-1,50,51,52,-1,52,51,53,-1,52,53,54,-1,54,53,55,-1,54,55,56,-1,56,55,57,-1,56,57,58,-1,58,57,59,-1,58,59,60,-1,60,59,61,-1,62,63,64,-1,64,63,65,-1,64,65,66,-1,66,65,67,-1,66,67,68,-1,68,67,69,-1,68,69,70,-1,70,69,71,-1,70,71,72,-1,72,71,73,-1,72,73,37,-1,37,73,74,-1,37,74,36,-1,75,76,77,-1,77,76,78,-1,77,78,79,-1,79,78,80,-1,79,80,81,-1,81,80,82,-1,81,82,62,-1,62,82,83,-1,62,83,63,-1,28,84,29,-1,29,84,85,-1,29,85,86,-1,86,85,87,-1,86,87,88,-1,88,87,89,-1,88,89,90,-1,90,89,91,-1,90,91,75,-1,75,91,92,-1,75,92,76,-1,55,93,94,-1,55,94,57,-1,57,94,95,-1,57,95,59,-1,59,95,96,-1,59,96,61,-1,60,61,97,-1,97,61,96,-1,60,97,98,-1,60,98,58,-1,58,98,99,-1,58,99,56,-1,56,99,100,-1,56,100,54,-1,54,100,101,-1,54,101,52,-1,52,101,102,-1,52,102,50,-1,50,102,103,-1,50,103,48,-1,48,103,104,-1,48,104,46,-1,46,104,105,-1,46,105,44,-1,44,105,106,-1,44,106,42,-1,42,106,107,-1,42,107,28,-1,84,28,108,-1,108,28,107,-1,84,108,109,-1,84,109,85,-1,85,109,110,-1,85,110,87,-1,87,110,111,-1,87,111,89,-1,89,111,112,-1,89,112,91,-1,91,112,113,-1,91,113,92,-1,92,113,114,-1,92,114,76,-1,76,114,115,-1,76,115,78,-1,78,115,116,-1,78,116,80,-1,80,116,117,-1,80,117,82,-1,82,117,118,-1,82,118,83,-1,83,118,119,-1,83,119,63,-1,120,69,121,-1,121,69,67,-1,121,67,122,-1,122,67,65,-1,122,65,123,-1,123,65,63,-1,123,63,119,-1,69,120,124,-1,69,124,71,-1,71,124,125,-1,71,125,73,-1,125,126,73,-1,73,126,127,-1,73,127,74,-1,74,127,128,-1,74,128,36,-1,36,128,129,-1,36,129,34,-1,26,34,130,-1,130,34,129,-1,24,26,131,-1,131,26,130,-1,25,24,132,-1,132,24,131,-1,27,25,133,-1,133,25,132,-1,27,133,134,-1,27,134,43,-1,43,134,135,-1,43,135,45,-1,45,135,136,-1,45,136,47,-1,47,136,137,-1,47,137,49,-1,49,137,138,-1,49,138,51,-1,51,138,139,-1,51,139,53,-1,53,139,93,-1,53,93,55,-1,86,140,141,-1,86,141,29,-1,29,141,142,-1,29,142,30,-1,30,142,143,-1,30,143,31,-1,77,144,145,-1,77,145,75,-1,75,145,146,-1,75,146,90,-1,90,146,147,-1,90,147,88,-1,88,147,140,-1,88,140,86,-1,64,148,149,-1,64,149,62,-1,62,149,150,-1,62,150,81,-1,81,150,151,-1,81,151,79,-1,79,151,144,-1,79,144,77,-1,70,152,153,-1,70,153,68,-1,68,153,154,-1,68,154,66,-1,66,154,148,-1,66,148,64,-1,41,155,156,-1,41,156,35,-1,35,156,157,-1,35,157,37,-1,37,157,158,-1,37,158,72,-1,72,158,152,-1,72,152,70,-1,33,159,160,-1,33,160,38,-1,38,160,161,-1,38,161,39,-1,39,161,162,-1,39,162,40,-1,40,162,155,-1,40,155,41,-1,33,32,159,-1,159,32,163,-1,32,31,163,-1,163,31,143,-1,
        ]
    }
}
Shape{
    appearance Appearance {
        material  Material 	{
            diffuseColor 0.6666666666666666 0.6980392156862745 0.7686274509803922
            specularColor 0.3333333333333333 0.34901960784313724 0.3843137254901961
            ambientIntensity 0.6967
            transparency 0.0
            shininess 0.5
        }
    }
    geometry IndexedFaceSet {
        ccw TRUE
        solid FALSE
        coord DEF co Coordinate {
            point [
                2.0768 -2.8904 0.7126, 2.0612 -2.8925 0.7126, 2.0768 -2.8968 0.7126, 2.0546 -2.894 0.7126, 2.0517 -2.8953 0.7126, 2.0498 -2.8966 0.7126, 2.0768 -2.8976 0.7126, 2.076 -2.9028 0.7126, 2.0484 -2.8984 0.7126, 2.0743 -2.907 0.7126, 2.0491 -2.9119 0.7126, 2.0501 -2.9129 0.7126, 2.0703 -2.9119 0.7126, 2.0478 -2.9099 0.7126, 2.067 -2.9141 0.7126, 2.0634 -2.9154 0.7126, 2.0591 -2.9159 0.7126, 2.0474 -2.9006 0.7126, 2.0468 -2.9032 0.7126, 2.0718 -2.9104 0.7126, 2.0467 -2.9051 0.7126, 2.047 -2.9078 0.7126, 2.0525 -2.9145 0.7126, 2.0551 -2.9154 0.7126
            ]
        }
        coordIndex [
            0,1,2,-1,2,1,3,-1,3,4,2,-1,2,4,5,-1,2,5,6,-1,6,5,7,-1,7,5,8,-1,7,8,9,-1,10,11,12,-1,10,12,13,-1,14,12,15,-1,15,12,16,-1,8,17,9,-1,9,17,18,-1,9,18,19,-1,19,18,20,-1,19,20,12,-1,12,20,21,-1,12,21,13,-1,11,22,12,-1,12,22,23,-1,12,23,16,-1,
        ]
    }
}
Shape{
    appearance Appearance {
        material  Material 	{
            diffuseColor 0.0 0.0 0.0
            specularColor 0.0 0.0 0.0
            ambientIntensity 0.0
            transparency 0.0
            shininess 0.5
        }
    }
    geometry IndexedFaceSet {
        ccw TRUE
        solid FALSE
        coord DEF co Coordinate {
            point [
                2.1043 -2.9095 0.7126, 2.1043 -2.9095 0.7165, 2.1089 -2.9123 0.7165, 2.1236 -2.9159 0.7165, 2.1236 -2.9159 0.7126, 2.1162 -2.9151 0.7126, 2.1162 -2.9151 0.7165, 2.1097 -2.9126 0.7126, 2.1089 -2.9123 0.7126, 2.1043 -2.9216 0.7165, 2.1043 -2.9216 0.7126, 2.1127 -2.9245 0.7165, 2.1097 -2.9235 0.7126, 2.1224 -2.9255 0.7126, 2.1224 -2.9255 0.7165, 2.1147 -2.9247 0.7126, 2.1127 -2.9245 0.7126, 2.1321 -2.9245 0.7165, 2.1298 -2.9247 0.7126, 2.1321 -2.9245 0.7126, 2.1385 -2.9222 0.7126, 2.1385 -2.9222 0.7165, 2.1419 -2.9202 0.7126, 2.1419 -2.9202 0.7165, 2.1452 -2.9173 0.7126, 2.1452 -2.9173 0.7165, 2.1474 -2.9142 0.7126, 2.1474 -2.9142 0.7165, 2.1488 -2.9105 0.7126, 2.1488 -2.9105 0.7165, 2.1494 -2.9058 0.7126, 2.1494 -2.9058 0.7165, 2.1489 -2.9014 0.7126, 2.1489 -2.9014 0.7165, 2.1477 -2.898 0.7126, 2.1477 -2.898 0.7165, 2.1455 -2.8947 0.7126, 2.1455 -2.8947 0.7165, 2.1427 -2.8922 0.7126, 2.1427 -2.8922 0.7165, 2.1349 -2.8879 0.7126, 2.1349 -2.8879 0.7165, 2.1304 -2.8861 0.7126, 2.1304 -2.8861 0.7165, 2.1232 -2.8829 0.7126, 2.1232 -2.8829 0.7165, 2.119 -2.8804 0.7126, 2.119 -2.8804 0.7165, 2.1179 -2.8791 0.7126, 2.1179 -2.8791 0.7165, 2.117 -2.8775 0.7126, 2.117 -2.8775 0.7165, 2.1166 -2.8757 0.7126, 2.1166 -2.8757 0.7165, 2.1165 -2.8741 0.7126, 2.1165 -2.8741 0.7165, 2.1167 -2.8723 0.7126, 2.1167 -2.8723 0.7165, 2.1173 -2.8707 0.7126, 2.1173 -2.8707 0.7165, 2.1183 -2.8692 0.7126, 2.1183 -2.8692 0.7165, 2.12 -2.8677 0.7126, 2.12 -2.8677 0.7165, 2.1227 -2.8663 0.7126, 2.1227 -2.8663 0.7165, 2.1258 -2.8654 0.7126, 2.1258 -2.8654 0.7165, 2.1292 -2.8652 0.7126, 2.1292 -2.8652 0.7165, 2.1369 -2.866 0.7126, 2.1369 -2.866 0.7165, 2.1435 -2.8685 0.7126, 2.1435 -2.8685 0.7165, 2.1462 -2.87 0.7126, 2.1462 -2.87 0.7165, 2.1462 -2.8586 0.7165, 2.1462 -2.8586 0.7126, 2.1368 -2.8561 0.7126, 2.1368 -2.8561 0.7165, 2.1304 -2.8557 0.7126, 2.1304 -2.8557 0.7165, 2.1218 -2.8566 0.7126, 2.1218 -2.8566 0.7165, 2.1153 -2.8589 0.7126, 2.1153 -2.8589 0.7165, 2.1119 -2.861 0.7126, 2.1119 -2.861 0.7165, 2.1097 -2.8629 0.7126, 2.1084 -2.8641 0.7165, 2.1084 -2.8641 0.7126, 2.1063 -2.8672 0.7126, 2.1063 -2.8672 0.7165, 2.1049 -2.871 0.7126, 2.1049 -2.871 0.7165, 2.1044 -2.8752 0.7126, 2.1044 -2.8752 0.7165, 2.1049 -2.8797 0.7126, 2.1049 -2.8797 0.7165, 2.1062 -2.8833 0.7126, 2.1062 -2.8833 0.7165, 2.1077 -2.8858 0.7126, 2.1077 -2.8858 0.7165, 2.1221 -2.8946 0.7126, 2.1221 -2.8946 0.7165, 2.1152 -2.8914 0.7165, 2.1096 -2.8878 0.7126, 2.1096 -2.8878 0.7165, 2.1097 -2.8878 0.7126, 2.1152 -2.8914 0.7126, 2.1298 -2.8978 0.7126, 2.1298 -2.8978 0.7165, 2.1344 -2.9006 0.7126, 2.1344 -2.9006 0.7165, 2.1358 -2.9021 0.7126, 2.1358 -2.9021 0.7165, 2.1367 -2.9036 0.7126, 2.1367 -2.9036 0.7165, 2.1373 -2.9055 0.7126, 2.1373 -2.9055 0.7165, 2.1374 -2.9069 0.7126, 2.1374 -2.9069 0.7165, 2.1371 -2.9091 0.7126, 2.1371 -2.9091 0.7165, 2.1366 -2.9108 0.7126, 2.1366 -2.9108 0.7165, 2.1355 -2.9123 0.7126, 2.1355 -2.9123 0.7165, 2.1342 -2.9135 0.7126, 2.1342 -2.9135 0.7165, 2.1331 -2.9142 0.7126, 2.1331 -2.9142 0.7165, 2.1301 -2.9153 0.7126, 2.1301 -2.9153 0.7165, 2.1241 -2.9159 0.7126, 2.1241 -2.9159 0.7165, 2.2074 -2.8572 0.7165, 2.2195 -2.8572 0.7165, 2.2074 -2.8572 0.7126, 2.2195 -2.8572 0.7126, 2.1892 -2.9074 0.7165, 2.1892 -2.9074 0.7126, 2.1883 -2.9105 0.7126, 2.1883 -2.9105 0.7165, 2.1877 -2.9128 0.7126, 2.1877 -2.9128 0.7165, 2.1874 -2.9128 0.7165, 2.1874 -2.9128 0.7126, 2.186 -2.9073 0.7165, 2.186 -2.9073 0.7126, 2.1686 -2.8572 0.7126, 2.1686 -2.8572 0.7165, 2.1742 -2.8734 0.7126, 2.1555 -2.8572 0.7165, 2.1555 -2.8572 0.7126, 2.1817 -2.9238 0.7126, 2.1817 -2.9238 0.7165, 2.1742 -2.9048 0.7126, 2.1765 -2.9359 0.7126, 2.1765 -2.9359 0.7165, 2.1813 -2.9247 0.7126, 2.1742 -2.9401 0.7126, 2.1742 -2.9401 0.7165, 2.1742 -2.9401 0.7126, 2.1721 -2.9425 0.7165, 2.1721 -2.9425 0.7126, 2.1699 -2.944 0.7126, 2.1699 -2.944 0.7165, 2.1673 -2.945 0.7126, 2.1673 -2.945 0.7165, 2.1645 -2.9453 0.7126, 2.1645 -2.9453 0.7165, 2.1603 -2.9448 0.7126, 2.1603 -2.9448 0.7165, 2.1579 -2.944 0.7126, 2.1579 -2.944 0.7165, 2.1579 -2.9544 0.7165, 2.1579 -2.9544 0.7126, 2.1629 -2.9552 0.7126, 2.1629 -2.9552 0.7165, 2.1654 -2.9553 0.7126, 2.1654 -2.9553 0.7165, 2.1702 -2.9548 0.7126, 2.1702 -2.9548 0.7165, 2.1742 -2.9532 0.7126, 2.1748 -2.953 0.7165, 2.1748 -2.953 0.7126, 2.1789 -2.9502 0.7126, 2.1789 -2.9502 0.7165, 2.1797 -2.9494 0.7126, 2.1797 -2.9494 0.7165, 2.184 -2.9443 0.7126, 2.184 -2.9443 0.7165, 2.1893 -2.934 0.7126, 2.1893 -2.934 0.7165, 2.1929 -2.9247 0.7126, 2.2824 -2.9133 0.7165, 2.2824 -2.9239 0.7165, 2.2824 -2.9133 0.7126, 2.2824 -2.9239 0.7126, 2.2442 -2.9133 0.7126, 2.2442 -2.9133 0.7165, 2.2617 -2.9133 0.7126, 2.2442 -2.8818 0.7165, 2.2442 -2.8818 0.7126, 2.2776 -2.8818 0.7126, 2.2776 -2.8818 0.7165, 2.2617 -2.8818 0.7126, 2.2776 -2.8711 0.7165, 2.2776 -2.8711 0.7126, 2.2442 -2.8711 0.7126, 2.2442 -2.8711 0.7165, 2.2617 -2.8711 0.7126, 2.2442 -2.8412 0.7165, 2.2442 -2.8412 0.7126, 2.2803 -2.8412 0.7126, 2.2803 -2.8412 0.7165, 2.2617 -2.8412 0.7126, 2.2803 -2.8305 0.7165, 2.2803 -2.8305 0.7126, 2.2321 -2.8305 0.7126, 2.2321 -2.8305 0.7165, 2.2617 -2.8305 0.7126, 2.2321 -2.9239 0.7165, 2.2321 -2.9239 0.7126, 2.2617 -2.9239 0.7126, 2.3519 -2.9049 0.7165, 2.3597 -2.9128 0.7165, 2.3534 -2.9035 0.7165, 2.362 -2.9108 0.7165, 2.3583 -2.8974 0.7165, 2.369 -2.9024 0.7165, 2.3614 -2.8904 0.7165, 2.3736 -2.8927 0.7165, 2.3632 -2.8817 0.7165, 2.3758 -2.8818 0.7165, 2.3634 -2.8763 0.7165, 2.3761 -2.876 0.7165, 2.362 -2.8647 0.7165, 2.3747 -2.8639 0.7165, 2.3594 -2.8579 0.7165, 2.3714 -2.8548 0.7165, 2.3558 -2.8526 0.7165, 2.3657 -2.8465 0.7165, 2.3532 -2.85 0.7165, 2.362 -2.8429 0.7165, 2.346 -2.8453 0.7165, 2.3525 -2.8364 0.7165, 2.3378 -2.8425 0.7165, 2.3413 -2.8322 0.7165, 2.3262 -2.8412 0.7165, 2.3267 -2.8305 0.7165, 2.3121 -2.8412 0.7165, 2.3 -2.8305 0.7165, 2.3121 -2.9133 0.7165, 2.3 -2.9239 0.7165, 2.3256 -2.9133 0.7165, 2.3257 -2.9239 0.7165, 2.3379 -2.9119 0.7165, 2.3393 -2.9225 0.7165, 2.3458 -2.909 0.7165, 2.3504 -2.9187 0.7165, 2.3257 -2.9239 0.7126, 2.3 -2.9239 0.7126, 2.3393 -2.9225 0.7126, 2.3504 -2.9187 0.7126, 2.3597 -2.9128 0.7126, 2.362 -2.9108 0.7126, 2.369 -2.9024 0.7126, 2.3736 -2.8927 0.7126, 2.3758 -2.8818 0.7126, 2.3761 -2.876 0.7126, 2.3747 -2.8639 0.7126, 2.3714 -2.8548 0.7126, 2.3657 -2.8465 0.7126, 2.362 -2.8429 0.7126, 2.3525 -2.8364 0.7126, 2.3413 -2.8322 0.7126, 2.3267 -2.8305 0.7126, 2.3 -2.8305 0.7126, 2.3262 -2.8412 0.7126, 2.3121 -2.8412 0.7126, 2.3121 -2.9133 0.7126, 2.3256 -2.9133 0.7126, 2.3534 -2.9035 0.7126, 2.3519 -2.9049 0.7126, 2.3458 -2.909 0.7126, 2.3379 -2.9119 0.7126, 2.3634 -2.8763 0.7126, 2.3632 -2.8817 0.7126, 2.3614 -2.8904 0.7126, 2.3583 -2.8974 0.7126, 2.3532 -2.85 0.7126, 2.3558 -2.8526 0.7126, 2.3594 -2.8579 0.7126, 2.362 -2.8647 0.7126, 2.3378 -2.8425 0.7126, 2.346 -2.8453 0.7126
            ]
        }
        coordIndex [
            0,1,2,-1,3,4,5,-1,3,5,6,-1,6,5,7,-1,6,7,2,-1,2,7,8,-1,2,8,0,-1,9,1,10,-1,10,1,0,-1,9,10,11,-1,11,10,12,-1,13,14,15,-1,15,14,11,-1,15,11,16,-1,16,11,12,-1,14,13,17,-1,17,13,18,-1,18,19,17,-1,17,19,20,-1,17,20,21,-1,21,20,22,-1,21,22,23,-1,23,22,24,-1,23,24,25,-1,25,24,26,-1,25,26,27,-1,27,26,28,-1,27,28,29,-1,29,28,30,-1,29,30,31,-1,31,30,32,-1,31,32,33,-1,33,32,34,-1,33,34,35,-1,35,34,36,-1,35,36,37,-1,37,36,38,-1,37,38,39,-1,39,38,40,-1,39,40,41,-1,41,40,42,-1,41,42,43,-1,43,42,44,-1,43,44,45,-1,45,44,46,-1,45,46,47,-1,47,46,48,-1,47,48,49,-1,49,48,50,-1,49,50,51,-1,51,50,52,-1,51,52,53,-1,53,52,54,-1,53,54,55,-1,55,54,56,-1,55,56,57,-1,57,56,58,-1,57,58,59,-1,59,58,60,-1,59,60,61,-1,61,60,62,-1,61,62,63,-1,63,62,64,-1,63,64,65,-1,65,64,66,-1,65,66,67,-1,67,66,68,-1,67,68,69,-1,69,68,70,-1,69,70,71,-1,71,70,72,-1,71,72,73,-1,73,72,74,-1,73,74,75,-1,76,75,77,-1,77,75,74,-1,76,77,78,-1,76,78,79,-1,79,78,80,-1,79,80,81,-1,81,80,82,-1,81,82,83,-1,83,82,84,-1,83,84,85,-1,85,84,86,-1,85,86,87,-1,86,88,87,-1,87,88,89,-1,88,90,89,-1,89,90,91,-1,89,91,92,-1,92,91,93,-1,92,93,94,-1,94,93,95,-1,94,95,96,-1,96,95,97,-1,96,97,98,-1,98,97,99,-1,98,99,100,-1,100,99,101,-1,100,101,102,-1,103,104,105,-1,102,101,106,-1,102,106,107,-1,107,106,108,-1,107,108,105,-1,105,108,109,-1,105,109,103,-1,104,103,110,-1,104,110,111,-1,111,110,112,-1,111,112,113,-1,113,112,114,-1,113,114,115,-1,115,114,116,-1,115,116,117,-1,117,116,118,-1,117,118,119,-1,119,118,120,-1,119,120,121,-1,121,120,122,-1,121,122,123,-1,123,122,124,-1,123,124,125,-1,125,124,126,-1,125,126,127,-1,127,126,128,-1,127,128,129,-1,129,128,130,-1,129,130,131,-1,131,130,132,-1,131,132,133,-1,133,132,134,-1,133,134,135,-1,135,134,4,-1,135,4,3,-1,61,63,85,-1,85,63,83,-1,111,43,104,-1,104,43,45,-1,21,23,127,-1,127,23,25,-1,127,25,125,-1,125,25,27,-1,125,27,123,-1,123,27,29,-1,123,29,121,-1,121,29,31,-1,121,31,119,-1,119,31,33,-1,119,33,117,-1,117,33,35,-1,117,35,115,-1,115,35,37,-1,115,37,113,-1,113,37,39,-1,113,39,111,-1,111,39,41,-1,111,41,43,-1,14,3,11,-1,11,3,6,-1,11,6,9,-1,9,6,2,-1,9,2,1,-1,63,65,83,-1,83,65,67,-1,83,67,81,-1,81,67,69,-1,81,69,79,-1,79,69,71,-1,79,71,76,-1,76,71,73,-1,76,73,75,-1,127,129,21,-1,21,129,131,-1,21,131,17,-1,17,131,133,-1,17,133,14,-1,14,133,135,-1,14,135,3,-1,85,87,61,-1,61,87,89,-1,61,89,59,-1,59,89,92,-1,59,92,57,-1,57,92,94,-1,57,94,55,-1,55,94,96,-1,55,96,53,-1,53,96,98,-1,53,98,51,-1,51,98,100,-1,51,100,49,-1,49,100,102,-1,49,102,47,-1,47,102,107,-1,47,107,45,-1,45,107,105,-1,45,105,104,-1,136,137,138,-1,138,137,139,-1,140,136,141,-1,141,136,138,-1,140,141,142,-1,140,142,143,-1,143,142,144,-1,143,144,145,-1,146,145,147,-1,147,145,144,-1,148,146,149,-1,149,146,147,-1,150,151,152,-1,152,151,148,-1,152,148,149,-1,153,151,154,-1,154,151,150,-1,155,156,157,-1,157,156,153,-1,157,153,154,-1,158,159,160,-1,160,159,156,-1,160,156,155,-1,159,158,161,-1,159,161,162,-1,162,161,163,-1,162,163,164,-1,163,165,164,-1,164,165,166,-1,164,166,167,-1,167,166,168,-1,167,168,169,-1,169,168,170,-1,169,170,171,-1,171,170,172,-1,171,172,173,-1,173,172,174,-1,173,174,175,-1,176,175,177,-1,177,175,174,-1,176,177,178,-1,176,178,179,-1,179,178,180,-1,179,180,181,-1,181,180,182,-1,181,182,183,-1,183,182,184,-1,183,184,185,-1,184,186,185,-1,185,186,187,-1,185,187,188,-1,188,187,189,-1,188,189,190,-1,190,189,191,-1,190,191,192,-1,192,191,193,-1,192,193,194,-1,139,137,195,-1,195,137,194,-1,195,194,193,-1,143,145,194,-1,137,136,194,-1,194,136,140,-1,194,140,143,-1,151,153,148,-1,148,153,156,-1,148,156,146,-1,192,162,190,-1,190,162,164,-1,175,176,173,-1,173,176,179,-1,173,179,171,-1,171,179,181,-1,171,181,169,-1,169,181,183,-1,169,183,167,-1,167,183,185,-1,167,185,164,-1,164,185,188,-1,164,188,190,-1,145,146,194,-1,194,146,156,-1,194,156,192,-1,192,156,159,-1,192,159,162,-1,196,197,198,-1,198,197,199,-1,200,201,202,-1,202,201,196,-1,202,196,198,-1,203,201,204,-1,204,201,200,-1,205,206,207,-1,207,206,203,-1,207,203,204,-1,208,206,209,-1,209,206,205,-1,210,211,212,-1,212,211,208,-1,212,208,209,-1,213,211,214,-1,214,211,210,-1,215,216,217,-1,217,216,213,-1,217,213,214,-1,218,216,219,-1,219,216,215,-1,220,221,222,-1,222,221,218,-1,222,218,219,-1,223,221,224,-1,224,221,220,-1,199,197,225,-1,225,197,223,-1,225,223,224,-1,223,197,196,-1,196,201,223,-1,223,201,203,-1,223,203,221,-1,216,218,213,-1,213,218,221,-1,213,221,211,-1,211,221,203,-1,211,203,208,-1,208,203,206,-1,226,227,228,-1,228,227,229,-1,228,229,230,-1,230,229,231,-1,230,231,232,-1,232,231,233,-1,232,233,234,-1,234,233,235,-1,234,235,236,-1,236,235,237,-1,236,237,238,-1,238,237,239,-1,238,239,240,-1,240,239,241,-1,240,241,242,-1,242,241,243,-1,242,243,244,-1,244,243,245,-1,244,245,246,-1,246,245,247,-1,246,247,248,-1,248,247,249,-1,248,249,250,-1,250,249,251,-1,250,251,252,-1,252,251,253,-1,252,253,254,-1,254,253,255,-1,254,255,256,-1,256,255,257,-1,256,257,258,-1,258,257,259,-1,258,259,260,-1,260,259,261,-1,260,261,226,-1,226,261,227,-1,257,255,262,-1,262,255,263,-1,257,262,264,-1,257,264,259,-1,259,264,265,-1,259,265,261,-1,261,265,266,-1,261,266,227,-1,227,266,267,-1,227,267,229,-1,229,267,268,-1,229,268,231,-1,231,268,269,-1,231,269,233,-1,233,269,270,-1,233,270,235,-1,235,270,271,-1,235,271,237,-1,237,271,272,-1,237,272,239,-1,239,272,273,-1,239,273,241,-1,241,273,274,-1,241,274,243,-1,243,274,275,-1,243,275,245,-1,245,275,276,-1,245,276,247,-1,247,276,277,-1,247,277,249,-1,249,277,278,-1,249,278,251,-1,253,251,279,-1,279,251,278,-1,255,253,263,-1,263,253,279,-1,250,252,280,-1,280,252,281,-1,252,254,281,-1,281,254,282,-1,254,256,282,-1,282,256,283,-1,228,284,285,-1,228,285,226,-1,226,285,286,-1,226,286,260,-1,260,286,287,-1,260,287,258,-1,258,287,283,-1,258,283,256,-1,236,288,289,-1,236,289,234,-1,234,289,290,-1,234,290,232,-1,232,290,291,-1,232,291,230,-1,230,291,284,-1,230,284,228,-1,244,292,293,-1,244,293,242,-1,242,293,294,-1,242,294,240,-1,240,294,295,-1,240,295,238,-1,238,295,288,-1,238,288,236,-1,250,280,296,-1,250,296,248,-1,248,296,297,-1,248,297,246,-1,246,297,292,-1,246,292,244,-1,
        ]
    }
}
Shape{
    appearance Appearance {
        material  Material 	{
            diffuseColor 0.6666666666666666 0.6980392156862745 0.7686274509803922
            specularColor 0.3333333333333333 0.34901960784313724 0.3843137254901961
            ambientIntensity 0.6967
            transparency 0.0
            shininess 0.5
        }
    }
    geometry IndexedFaceSet {
        ccw TRUE
        solid FALSE
        coord DEF co Coordinate {
            point [
                2.3121 -2.8412 0.7126, 2.3121 -2.9133 0.7126, 2.3262 -2.8412 0.7126, 2.3256 -2.9133 0.7126, 2.3519 -2.9049 0.7126, 2.3534 -2.9035 0.7126, 2.3379 -2.9119 0.7126, 2.3458 -2.909 0.7126, 2.3583 -2.8974 0.7126, 2.3614 -2.8904 0.7126, 2.3632 -2.8817 0.7126, 2.3634 -2.8763 0.7126, 2.362 -2.8647 0.7126, 2.3594 -2.8579 0.7126, 2.3558 -2.8526 0.7126, 2.3532 -2.85 0.7126, 2.3378 -2.8425 0.7126, 2.346 -2.8453 0.7126
            ]
        }
        coordIndex [
            0,1,2,-1,2,1,3,-1,2,4,5,-1,3,6,2,-1,2,6,7,-1,2,7,4,-1,5,8,2,-1,2,8,9,-1,2,9,10,-1,10,11,2,-1,2,11,12,-1,2,12,13,-1,13,14,2,-1,2,14,15,-1,2,15,16,-1,16,15,17,-1,
        ]
    }
}
Shape{
    appearance Appearance {
        material  Material 	{
            diffuseColor 0.0 0.0 0.0
            specularColor 0.0 0.0 0.0
            ambientIntensity 0.0
            transparency 0.0
            shininess 0.5
        }
    }
    geometry IndexedFaceSet {
        ccw TRUE
        solid FALSE
        coord DEF co Coordinate {
            point [
                2.4074 -2.8878 0.7165, 2.4036 -2.8984 0.7165, 2.4387 -2.8878 0.7165, 2.4425 -2.8984 0.7165, 2.4214 -2.849 0.7165, 2.4168 -2.8305 0.7165, 2.3813 -2.9239 0.7165, 2.3946 -2.9239 0.7165, 2.4222 -2.8462 0.7165, 2.4229 -2.8424 0.7165, 2.4297 -2.8305 0.7165, 2.4232 -2.8424 0.7165, 2.4239 -2.8464 0.7165, 2.4246 -2.849 0.7165, 2.4653 -2.9239 0.7165, 2.452 -2.9239 0.7165, 2.4297 -2.8305 0.7126, 2.4653 -2.9239 0.7126, 2.4168 -2.8305 0.7126, 2.3813 -2.9239 0.7126, 2.3946 -2.9239 0.7126, 2.4036 -2.8984 0.7126, 2.4425 -2.8984 0.7126, 2.452 -2.9239 0.7126, 2.4074 -2.8878 0.7126, 2.4387 -2.8878 0.7126, 2.4246 -2.849 0.7126, 2.4232 -2.8424 0.7126, 2.4239 -2.8464 0.7126, 2.4229 -2.8424 0.7126, 2.4214 -2.849 0.7126, 2.4222 -2.8462 0.7126
            ]
        }
        coordIndex [
            0,1,2,-1,2,1,3,-1,4,5,0,-1,0,5,6,-1,0,6,1,-1,1,6,7,-1,4,8,5,-1,5,8,9,-1,5,9,10,-1,10,9,11,-1,10,11,12,-1,12,13,10,-1,10,13,2,-1,10,2,14,-1,14,2,3,-1,14,3,15,-1,10,14,16,-1,16,14,17,-1,5,10,18,-1,18,10,16,-1,6,5,19,-1,19,5,18,-1,7,6,20,-1,20,6,19,-1,1,7,21,-1,21,7,20,-1,3,1,22,-1,22,1,21,-1,15,3,23,-1,23,3,22,-1,14,15,17,-1,17,15,23,-1,0,2,24,-1,24,2,25,-1,2,13,25,-1,25,13,26,-1,11,27,28,-1,11,28,12,-1,12,28,26,-1,12,26,13,-1,11,9,27,-1,27,9,29,-1,4,30,31,-1,4,31,8,-1,8,31,29,-1,8,29,9,-1,4,0,30,-1,30,0,24,-1,
        ]
    }
}
Shape{
    appearance Appearance {
        material  Material 	{
            diffuseColor 0.6666666666666666 0.6980392156862745 0.7686274509803922
            specularColor 0.3333333333333333 0.34901960784313724 0.3843137254901961
            ambientIntensity 0.6967
            transparency 0.0
            shininess 0.5
        }
    }
    geometry IndexedFaceSet {
        ccw TRUE
        solid FALSE
        coord DEF co Coordinate {
            point [
                2.4232 -2.8424 0.7126, 2.4229 -2.8424 0.7126, 2.4239 -2.8464 0.7126, 2.4222 -2.8462 0.7126, 2.4246 -2.849 0.7126, 2.4214 -2.849 0.7126, 2.4387 -2.8878 0.7126, 2.4074 -2.8878 0.7126
            ]
        }
        coordIndex [
            0,1,2,-1,2,1,3,-1,2,3,4,-1,4,3,5,-1,4,5,6,-1,6,5,7,-1,
        ]
    }
}
Shape{
    appearance Appearance {
        material  Material 	{
            diffuseColor 0.0 0.0 0.0
            specularColor 0.0 0.0 0.0
            ambientIntensity 0.0
            transparency 0.0
            shininess 0.5
        }
    }
    geometry IndexedFaceSet {
        ccw TRUE
        solid FALSE
        coord DEF co Coordinate {
            point [
                1.5609 -2.9372 0.7165, 1.5708 -2.9494 0.7165, 1.5549 -2.8784 0.7165, 1.5432 -2.7631 0.7165, 1.5579 -2.7552 0.7165, 1.5546 -2.7143 0.7165, 1.5961 -2.7124 0.7165, 1.6167 -2.7608 0.7165, 1.6268 -2.7398 0.7165, 1.5404 -2.8695 0.7165, 1.5458 -2.9204 0.7165, 1.5542 -2.9229 0.7165, 1.5808 -2.711 0.7165, 1.6222 -2.877 0.7165, 1.6283 -2.8792 0.7165, 1.6837 -2.895 0.7165, 1.6337 -2.8828 0.7165, 1.638 -2.8876 0.7165, 1.7767 -2.8459 0.7165, 1.7561 -2.8107 0.7165, 1.6671 -2.8572 0.7165, 1.6167 -2.8764 0.7165, 1.6102 -2.8772 0.7165, 1.6014 -2.8365 0.7165, 1.6044 -2.8795 0.7165, 1.5867 -2.8422 0.7165, 1.5992 -2.8832 0.7165, 1.5731 -2.8516 0.7165, 1.5965 -2.886 0.7165, 1.5622 -2.8642 0.7165, 1.5931 -2.8915 0.7165, 1.5911 -2.8978 0.7165, 1.5908 -2.9042 0.7165, 1.6414 -2.839 0.7165, 1.6253 -2.835 0.7165, 1.6173 -2.8346 0.7165, 1.6409 -2.8931 0.7165, 1.6424 -2.8992 0.7165, 1.6837 -2.9017 0.7165, 1.6424 -2.9053 0.7165, 1.6833 -2.9088 0.7165, 1.8272 -2.7857 0.7165, 1.8377 -2.7926 0.7165, 1.8721 -2.7703 0.7165, 1.8463 -2.8022 0.7165, 1.8857 -2.7892 0.7165, 1.8524 -2.8137 0.7165, 1.8939 -2.8095 0.7165, 1.8969 -2.8313 0.7165, 1.6097 -2.6965 0.7165, 1.6417 -2.722 0.7165, 1.6253 -2.6831 0.7165, 1.6595 -2.7091 0.7165, 1.6415 -2.6731 0.7165, 1.5743 -2.7513 0.7165, 1.5815 -2.7509 0.7165, 1.5884 -2.7115 0.7165, 1.5973 -2.7529 0.7165, 1.6122 -2.7584 0.7165, 1.6555 -2.8465 0.7165, 1.7986 -2.7801 0.7165, 1.8039 -2.7801 0.7165, 1.8312 -2.7442 0.7165, 1.8156 -2.7814 0.7165, 1.8343 -2.7453 0.7165, 1.8541 -2.7551 0.7165, 1.8724 -2.8943 0.7165, 1.8389 -2.8705 0.7165, 1.8543 -2.9096 0.7165, 1.8285 -2.8778 0.7165, 1.8341 -2.9195 0.7165, 1.8164 -2.8824 0.7165, 1.8119 -2.9242 0.7165, 1.8079 -2.8837 0.7165, 1.7727 -2.9242 0.7165, 1.778 -2.8837 0.7165, 1.769 -2.9236 0.7165, 1.592 -2.9105 0.7165, 1.5947 -2.916 0.7165, 1.8555 -2.8265 0.7165, 1.8558 -2.8319 0.7165, 1.8939 -2.8549 0.7165, 1.8544 -2.8437 0.7165, 1.8856 -2.8759 0.7165, 1.8501 -2.8556 0.7165, 1.8431 -2.8662 0.7165, 1.7953 -2.6918 0.7165, 1.7692 -2.7222 0.7165, 1.8173 -2.7172 0.7165, 1.7842 -2.74 0.7165, 1.7945 -2.7614 0.7165, 1.517 -2.8012 0.7165, 1.4734 -2.8123 0.7165, 1.515 -2.8173 0.7165, 1.4732 -2.8186 0.7165, 1.5159 -2.8277 0.7165, 1.4764 -2.8447 0.7165, 1.5207 -2.844 0.7165, 1.486 -2.8694 0.7165, 1.5285 -2.8572 0.7165, 1.5011 -2.891 0.7165, 1.5218 -2.9087 0.7165, 1.53 -2.7238 0.7165, 1.5089 -2.7387 0.7165, 1.532 -2.7731 0.7165, 1.5044 -2.7429 0.7165, 1.5227 -2.7864 0.7165, 1.4884 -2.7634 0.7165, 1.4778 -2.7874 0.7165, 1.6794 -2.9252 0.7165, 1.6408 -2.9117 0.7165, 1.6715 -2.9399 0.7165, 1.6377 -2.9174 0.7165, 1.6615 -2.9511 0.7165, 1.6341 -2.9214 0.7165, 1.6483 -2.9604 0.7165, 1.6291 -2.9251 0.7165, 1.6335 -2.9661 0.7165, 1.6233 -2.9274 0.7165, 1.6173 -2.9681 0.7165, 1.6167 -2.9282 0.7165, 1.6148 -2.968 0.7165, 1.6155 -2.9282 0.7165, 1.5992 -2.9656 0.7165, 1.6096 -2.9272 0.7165, 1.5838 -2.9592 0.7165, 1.6036 -2.9246 0.7165, 1.5985 -2.9207 0.7165, 1.6721 -2.6613 0.7165, 1.6811 -2.7003 0.7165, 1.705 -2.6572 0.7165, 1.7057 -2.6971 0.7165, 1.7324 -2.6601 0.7165, 1.7282 -2.6999 0.7165, 1.7657 -2.6719 0.7165, 1.7491 -2.7079 0.7165, 1.7677 -2.7208 0.7165, 1.7747 -2.8831 0.7165, 1.7587 -2.9173 0.7165, 1.7603 -2.9188 0.7165, 1.7767 -2.8835 0.7165, 1.7646 -2.9219 0.7165, 1.7535 -2.9036 0.7165, 1.7541 -2.9086 0.7165, 1.7558 -2.9131 0.7165, 1.7689 -2.8837 0.7165, 1.7644 -2.8855 0.7165, 1.7536 -2.901 0.7165, 1.7603 -2.8884 0.7165, 1.7575 -2.8914 0.7165, 1.755 -2.896 0.7165, 1.7741 -2.8831 0.7165, 1.8766 -2.7765 0.7126, 1.8857 -2.7892 0.7126, 1.8916 -2.8039 0.7126, 1.8939 -2.8095 0.7126, 1.8969 -2.8313 0.7126, 1.8721 -2.7703 0.7126, 1.8541 -2.7551 0.7126, 1.8343 -2.7453 0.7126, 1.8312 -2.7442 0.7126, 1.8173 -2.7172 0.7126, 1.7953 -2.6918 0.7126, 1.7801 -2.6815 0.7126, 1.7657 -2.6719 0.7126, 1.7324 -2.6601 0.7126, 1.705 -2.6572 0.7126, 1.6721 -2.6613 0.7126, 1.6415 -2.6731 0.7126, 1.6279 -2.6815 0.7126, 1.6253 -2.6831 0.7126, 1.6097 -2.6965 0.7126, 1.5961 -2.7124 0.7126, 1.5884 -2.7115 0.7126, 1.5808 -2.711 0.7126, 1.5546 -2.7143 0.7126, 1.53 -2.7238 0.7126, 1.5089 -2.7387 0.7126, 1.5044 -2.7429 0.7126, 1.4884 -2.7634 0.7126, 1.4826 -2.7765 0.7126, 1.4778 -2.7874 0.7126, 1.4749 -2.8039 0.7126, 1.4734 -2.8123 0.7126, 1.4732 -2.8186 0.7126, 1.4764 -2.8447 0.7126, 1.486 -2.8694 0.7126, 1.5011 -2.891 0.7126, 1.5218 -2.9087 0.7126, 1.5458 -2.9204 0.7126, 1.5542 -2.9229 0.7126, 1.5551 -2.9247 0.7126, 1.5609 -2.9372 0.7126, 1.5708 -2.9494 0.7126, 1.5838 -2.9592 0.7126, 1.5898 -2.9617 0.7126, 1.5992 -2.9656 0.7126, 1.6148 -2.968 0.7126, 1.6173 -2.9681 0.7126, 1.6837 -2.9017 0.7126, 1.6335 -2.9661 0.7126, 1.6448 -2.9617 0.7126, 1.6483 -2.9604 0.7126, 1.6615 -2.9511 0.7126, 1.6715 -2.9399 0.7126, 1.6794 -2.9252 0.7126, 1.6795 -2.9247 0.7126, 1.6833 -2.9088 0.7126, 1.6837 -2.895 0.7126, 1.7767 -2.8459 0.7126, 1.7561 -2.8107 0.7126, 1.6671 -2.8572 0.7126, 1.6555 -2.8465 0.7126, 1.6414 -2.839 0.7126, 1.6253 -2.835 0.7126, 1.6173 -2.8346 0.7126, 1.6014 -2.8365 0.7126, 1.5867 -2.8422 0.7126, 1.5731 -2.8516 0.7126, 1.5622 -2.8642 0.7126, 1.5549 -2.8784 0.7126, 1.5404 -2.8695 0.7126, 1.5285 -2.8572 0.7126, 1.5207 -2.844 0.7126, 1.5159 -2.8277 0.7126, 1.515 -2.8173 0.7126, 1.5167 -2.8039 0.7126, 1.517 -2.8012 0.7126, 1.5227 -2.7864 0.7126, 1.5296 -2.7765 0.7126, 1.532 -2.7731 0.7126, 1.5432 -2.7631 0.7126, 1.5579 -2.7552 0.7126, 1.5743 -2.7513 0.7126, 1.5815 -2.7509 0.7126, 1.5973 -2.7529 0.7126, 1.6122 -2.7584 0.7126, 1.6167 -2.7608 0.7126, 1.6268 -2.7398 0.7126, 1.6417 -2.722 0.7126, 1.6595 -2.7091 0.7126, 1.6811 -2.7003 0.7126, 1.7057 -2.6971 0.7126, 1.7282 -2.6999 0.7126, 1.7491 -2.7079 0.7126, 1.7677 -2.7208 0.7126, 1.7692 -2.7222 0.7126, 1.7842 -2.74 0.7126, 1.7945 -2.7614 0.7126, 1.7978 -2.7765 0.7126, 1.7986 -2.7801 0.7126, 1.8039 -2.7801 0.7126, 1.8156 -2.7814 0.7126, 1.8272 -2.7857 0.7126, 1.8377 -2.7926 0.7126, 1.8463 -2.8022 0.7126, 1.8472 -2.8039 0.7126, 1.8524 -2.8137 0.7126, 1.8555 -2.8265 0.7126, 1.8558 -2.8319 0.7126, 1.8544 -2.8437 0.7126, 1.8501 -2.8556 0.7126, 1.8431 -2.8662 0.7126, 1.8389 -2.8705 0.7126, 1.8285 -2.8778 0.7126, 1.8164 -2.8824 0.7126, 1.8079 -2.8837 0.7126, 1.778 -2.8837 0.7126, 1.7767 -2.8835 0.7126, 1.7747 -2.8831 0.7126, 1.7741 -2.8831 0.7126, 1.7689 -2.8837 0.7126, 1.7644 -2.8855 0.7126, 1.7603 -2.8884 0.7126, 1.7575 -2.8914 0.7126, 1.755 -2.896 0.7126, 1.7536 -2.901 0.7126, 1.7535 -2.9036 0.7126, 1.7541 -2.9086 0.7126, 1.7558 -2.9131 0.7126, 1.7587 -2.9173 0.7126, 1.7603 -2.9188 0.7126, 1.7646 -2.9219 0.7126, 1.769 -2.9236 0.7126, 1.7727 -2.9242 0.7126, 1.8119 -2.9242 0.7126, 1.8341 -2.9195 0.7126, 1.8543 -2.9096 0.7126, 1.8724 -2.8943 0.7126, 1.8856 -2.8759 0.7126, 1.8939 -2.8549 0.7126, 1.6167 -2.8764 0.7126, 1.6222 -2.877 0.7126, 1.6283 -2.8792 0.7126, 1.6337 -2.8828 0.7126, 1.638 -2.8876 0.7126, 1.6409 -2.8931 0.7126, 1.6424 -2.8992 0.7126, 1.6424 -2.9053 0.7126, 1.6408 -2.9117 0.7126, 1.6377 -2.9174 0.7126, 1.6341 -2.9214 0.7126, 1.6291 -2.9251 0.7126, 1.6233 -2.9274 0.7126, 1.6167 -2.9282 0.7126, 1.6155 -2.9282 0.7126, 1.6096 -2.9272 0.7126, 1.6036 -2.9246 0.7126, 1.5985 -2.9207 0.7126, 1.5947 -2.916 0.7126, 1.592 -2.9105 0.7126, 1.5908 -2.9042 0.7126, 1.5911 -2.8978 0.7126, 1.5931 -2.8915 0.7126, 1.5965 -2.886 0.7126, 1.5992 -2.8832 0.7126, 1.6044 -2.8795 0.7126, 1.6102 -2.8772 0.7126
            ]
        }
        coordIndex [
            0,1,2,-1,3,4,5,-1,6,7,8,-1,9,10,2,-1,2,10,11,-1,2,11,0,-1,5,4,12,-1,13,14,15,-1,15,14,16,-1,15,16,17,-1,18,19,15,-1,15,19,20,-1,15,20,13,-1,13,20,21,-1,22,23,24,-1,24,23,25,-1,24,25,26,-1,26,25,27,-1,26,27,28,-1,28,27,29,-1,28,29,30,-1,30,29,2,-1,30,2,31,-1,31,2,32,-1,33,34,22,-1,22,34,35,-1,22,35,23,-1,17,36,15,-1,15,36,37,-1,15,37,38,-1,38,37,39,-1,38,39,40,-1,41,42,43,-1,43,42,44,-1,43,44,45,-1,45,44,46,-1,45,46,47,-1,47,46,48,-1,6,8,49,-1,49,8,50,-1,49,50,51,-1,51,50,52,-1,51,52,53,-1,4,54,12,-1,12,54,55,-1,12,55,56,-1,56,55,57,-1,56,57,6,-1,6,57,58,-1,6,58,7,-1,21,20,22,-1,22,20,59,-1,22,59,33,-1,60,61,62,-1,62,61,63,-1,62,63,64,-1,64,63,41,-1,64,41,65,-1,65,41,43,-1,66,67,68,-1,68,67,69,-1,68,69,70,-1,70,69,71,-1,70,71,72,-1,72,71,73,-1,72,73,74,-1,74,73,75,-1,74,75,76,-1,32,2,77,-1,77,2,1,-1,77,1,78,-1,46,79,48,-1,48,79,80,-1,48,80,81,-1,81,80,82,-1,81,82,83,-1,83,82,84,-1,83,84,66,-1,66,84,85,-1,66,85,67,-1,86,87,88,-1,88,87,89,-1,88,89,62,-1,62,89,90,-1,62,90,60,-1,91,92,93,-1,93,92,94,-1,93,94,95,-1,95,94,96,-1,95,96,97,-1,97,96,98,-1,97,98,99,-1,99,98,100,-1,99,100,9,-1,9,100,101,-1,9,101,10,-1,5,102,3,-1,3,102,103,-1,3,103,104,-1,104,103,105,-1,104,105,106,-1,106,105,107,-1,106,107,91,-1,91,107,108,-1,91,108,92,-1,40,39,109,-1,109,39,110,-1,109,110,111,-1,111,110,112,-1,111,112,113,-1,113,112,114,-1,113,114,115,-1,115,114,116,-1,115,116,117,-1,117,116,118,-1,117,118,119,-1,119,118,120,-1,119,120,121,-1,121,120,122,-1,121,122,123,-1,123,122,124,-1,123,124,125,-1,125,124,126,-1,125,126,1,-1,1,126,127,-1,1,127,78,-1,53,52,128,-1,128,52,129,-1,128,129,130,-1,130,129,131,-1,130,131,132,-1,132,131,133,-1,132,133,134,-1,134,133,135,-1,134,135,86,-1,86,135,136,-1,86,136,87,-1,137,138,139,-1,75,140,76,-1,76,140,137,-1,76,137,141,-1,141,137,139,-1,142,143,137,-1,137,143,144,-1,137,144,138,-1,145,146,147,-1,146,148,147,-1,147,148,149,-1,147,149,150,-1,142,137,147,-1,147,137,151,-1,147,151,145,-1,152,43,153,-1,153,43,45,-1,153,45,154,-1,154,45,47,-1,154,47,155,-1,155,47,48,-1,155,48,156,-1,152,157,43,-1,43,157,158,-1,43,158,65,-1,65,158,159,-1,65,159,64,-1,64,159,160,-1,64,160,62,-1,62,160,161,-1,62,161,88,-1,88,161,162,-1,88,162,86,-1,134,86,163,-1,163,86,162,-1,163,164,134,-1,134,164,165,-1,134,165,132,-1,132,165,166,-1,132,166,130,-1,130,166,167,-1,130,167,128,-1,128,167,168,-1,128,168,53,-1,53,168,51,-1,51,168,169,-1,51,169,170,-1,51,170,171,-1,51,171,49,-1,49,171,172,-1,49,172,6,-1,6,172,173,-1,6,173,56,-1,56,173,174,-1,56,174,12,-1,12,174,175,-1,12,175,5,-1,5,175,176,-1,5,176,102,-1,102,176,177,-1,102,177,103,-1,103,177,178,-1,103,178,105,-1,108,107,179,-1,179,107,105,-1,179,105,178,-1,179,180,108,-1,108,180,181,-1,108,181,92,-1,92,181,182,-1,182,183,92,-1,92,183,184,-1,92,184,94,-1,94,184,185,-1,94,185,96,-1,96,185,186,-1,96,186,98,-1,98,186,187,-1,98,187,100,-1,100,187,188,-1,100,188,101,-1,101,188,189,-1,101,189,10,-1,10,189,190,-1,10,190,11,-1,11,190,191,-1,11,191,0,-1,191,192,0,-1,0,192,193,-1,0,193,1,-1,1,193,194,-1,1,194,125,-1,125,194,195,-1,125,195,123,-1,195,196,123,-1,123,196,197,-1,123,197,121,-1,121,197,198,-1,121,198,119,-1,199,38,40,-1,119,198,200,-1,201,115,200,-1,200,115,117,-1,200,117,119,-1,201,202,115,-1,115,202,203,-1,115,203,113,-1,113,203,204,-1,113,204,111,-1,111,204,205,-1,111,205,109,-1,109,205,206,-1,109,206,40,-1,40,206,207,-1,40,207,199,-1,15,38,208,-1,208,38,199,-1,18,15,209,-1,209,15,208,-1,19,18,210,-1,210,18,209,-1,20,19,211,-1,211,19,210,-1,20,211,212,-1,20,212,59,-1,59,212,213,-1,59,213,33,-1,33,213,214,-1,33,214,34,-1,34,214,215,-1,34,215,35,-1,35,215,216,-1,35,216,23,-1,23,216,217,-1,23,217,25,-1,25,217,218,-1,25,218,27,-1,27,218,219,-1,27,219,29,-1,29,219,220,-1,29,220,2,-1,2,220,221,-1,2,221,9,-1,9,221,222,-1,9,222,99,-1,99,222,223,-1,99,223,97,-1,97,223,224,-1,97,224,95,-1,95,224,225,-1,95,225,93,-1,91,93,225,-1,225,226,91,-1,91,226,227,-1,91,227,228,-1,229,104,228,-1,228,104,106,-1,228,106,91,-1,229,230,104,-1,104,230,231,-1,104,231,3,-1,3,231,232,-1,3,232,4,-1,4,232,233,-1,4,233,54,-1,54,233,234,-1,54,234,55,-1,55,234,235,-1,55,235,57,-1,57,235,236,-1,57,236,58,-1,58,236,237,-1,58,237,7,-1,7,237,238,-1,7,238,8,-1,8,238,239,-1,8,239,50,-1,50,239,240,-1,50,240,52,-1,52,240,241,-1,52,241,129,-1,129,241,242,-1,129,242,131,-1,131,242,243,-1,131,243,133,-1,133,243,244,-1,133,244,135,-1,135,244,245,-1,135,245,136,-1,136,245,246,-1,136,246,87,-1,87,246,247,-1,87,247,89,-1,89,247,248,-1,89,248,90,-1,90,248,60,-1,60,248,249,-1,60,249,250,-1,61,60,251,-1,251,60,250,-1,61,251,252,-1,61,252,63,-1,63,252,253,-1,63,253,41,-1,41,253,254,-1,41,254,42,-1,42,254,255,-1,42,255,44,-1,44,255,256,-1,44,256,46,-1,256,257,46,-1,46,257,258,-1,46,258,79,-1,79,258,259,-1,79,259,80,-1,80,259,260,-1,80,260,82,-1,82,260,261,-1,82,261,84,-1,84,261,262,-1,84,262,85,-1,85,262,263,-1,85,263,67,-1,67,263,264,-1,67,264,69,-1,69,264,265,-1,69,265,71,-1,71,265,266,-1,71,266,73,-1,75,73,267,-1,267,73,266,-1,75,267,268,-1,75,268,140,-1,140,268,269,-1,140,269,137,-1,137,269,270,-1,137,270,151,-1,151,270,271,-1,151,271,145,-1,145,271,272,-1,145,272,146,-1,146,272,273,-1,146,273,148,-1,148,273,274,-1,148,274,149,-1,149,274,275,-1,149,275,150,-1,150,275,276,-1,150,276,147,-1,147,276,277,-1,147,277,142,-1,142,277,278,-1,142,278,143,-1,143,278,279,-1,143,279,144,-1,144,279,280,-1,144,280,138,-1,138,280,281,-1,138,281,139,-1,139,281,282,-1,139,282,141,-1,141,282,283,-1,141,283,76,-1,76,283,284,-1,76,284,74,-1,72,74,285,-1,285,74,284,-1,72,285,286,-1,72,286,70,-1,70,286,287,-1,70,287,68,-1,68,287,288,-1,68,288,66,-1,66,288,289,-1,66,289,83,-1,83,289,290,-1,83,290,81,-1,81,290,156,-1,81,156,48,-1,21,291,292,-1,21,292,13,-1,13,292,293,-1,13,293,14,-1,14,293,294,-1,14,294,16,-1,16,294,295,-1,16,295,17,-1,17,295,296,-1,17,296,36,-1,36,296,297,-1,36,297,37,-1,37,297,298,-1,37,298,39,-1,39,298,299,-1,39,299,110,-1,110,299,300,-1,110,300,112,-1,112,300,301,-1,112,301,114,-1,114,301,302,-1,114,302,116,-1,116,302,303,-1,116,303,118,-1,118,303,304,-1,118,304,120,-1,120,304,305,-1,120,305,122,-1,122,305,306,-1,122,306,124,-1,124,306,307,-1,124,307,126,-1,126,307,308,-1,126,308,127,-1,127,308,309,-1,127,309,78,-1,78,309,310,-1,78,310,77,-1,77,310,311,-1,77,311,32,-1,32,311,312,-1,32,312,31,-1,31,312,313,-1,31,313,30,-1,30,313,314,-1,30,314,28,-1,28,314,315,-1,28,315,26,-1,26,315,316,-1,26,316,24,-1,24,316,317,-1,24,317,22,-1,22,317,291,-1,22,291,21,-1,
        ]
    }
}
Shape{
    appearance Appearance {
        material  Material 	{
            diffuseColor 0.6666666666666666 0.6980392156862745 0.7686274509803922
            specularColor 0.3333333333333333 0.34901960784313724 0.3843137254901961
            ambientIntensity 0.6967
            transparency 0.0
            shininess 0.5
        }
    }
    geometry IndexedFaceSet {
        ccw TRUE
        solid FALSE
        coord DEF co Coordinate {
            point [
                1.6155 -2.9282 0.7126, 1.5992 -2.8832 0.7126, 1.5965 -2.886 0.7126, 1.6233 -2.9274 0.7126, 1.6291 -2.9251 0.7126, 1.6222 -2.877 0.7126, 1.6167 -2.8764 0.7126, 1.6102 -2.8772 0.7126, 1.6044 -2.8795 0.7126, 1.592 -2.9105 0.7126, 1.5947 -2.916 0.7126, 1.5985 -2.9207 0.7126, 1.6167 -2.9282 0.7126, 1.5931 -2.8915 0.7126, 1.5911 -2.8978 0.7126, 1.5908 -2.9042 0.7126, 1.6036 -2.9246 0.7126, 1.6096 -2.9272 0.7126, 1.6341 -2.9214 0.7126, 1.6377 -2.9174 0.7126, 1.6408 -2.9117 0.7126, 1.6424 -2.9053 0.7126, 1.6424 -2.8992 0.7126, 1.6409 -2.8931 0.7126, 1.638 -2.8876 0.7126, 1.6337 -2.8828 0.7126, 1.6283 -2.8792 0.7126
            ]
        }
        coordIndex [
            0,1,2,-1,3,4,5,-1,6,7,0,-1,0,7,8,-1,0,8,1,-1,9,10,2,-1,2,10,11,-1,6,0,5,-1,5,0,12,-1,5,12,3,-1,13,14,2,-1,2,14,15,-1,2,15,9,-1,11,16,2,-1,2,16,17,-1,2,17,0,-1,4,18,5,-1,5,18,19,-1,5,19,20,-1,20,21,5,-1,5,21,22,-1,5,22,23,-1,23,24,5,-1,5,24,25,-1,5,25,26,-1,
        ]
    }
}